1,3,"enp0s10",1658398416.994047,"1.5.5 (417daa7 - Jul 15 2022 20:33:42)","1.7.3 (92ce3808)"
999,3,"enp0s10",1658398418.769452,"int",15,"10.0.0.11","10.0.1.11",440,659,5,1,0,2
999,3,"enp0s10",1658398418.869595,"int",16,"10.0.0.11","10.0.1.11",610,1952,5,0,0,0
999,3,"enp0s10",1658398418.972254,"int",17,"10.0.0.11","10.0.1.11",2563,12582,9,0,0,28
999,3,"enp0s10",1658398419.072493,"int",18,"10.0.0.12","10.0.1.12",1025,130,1,0,0,0
999,3,"enp0s10",1658398419.072493,"int",18,"10.0.0.11","10.0.1.11",3183,13980,10,0,0,37
999,3,"enp0s10",1658398419.172760,"int",19,"10.0.0.12","10.0.1.12",489,839,6,0,0,1
999,3,"enp0s10",1658398419.172760,"int",19,"10.0.0.11","10.0.1.11",1359,12582,9,0,0,27
999,3,"enp0s10",1658398419.272922,"int",20,"10.0.0.12","10.0.1.12",324,1642,3,0,0,1
999,3,"enp0s10",1658398419.272922,"int",20,"10.0.0.11","10.0.1.11",1902,13980,10,0,0,36
999,3,"enp0s10",1658398419.373390,"int",21,"10.0.0.12","10.0.1.12",3421,12582,9,0,0,33
999,3,"enp0s10",1658398419.373390,"int",21,"10.0.0.11","10.0.1.11",2765,13980,10,0,0,36
999,3,"enp0s10",1658398419.473489,"int",22,"10.0.0.12","10.0.1.12",3351,13980,10,0,0,42
999,3,"enp0s10",1658398419.473489,"int",22,"10.0.0.11","10.0.1.11",2690,12582,9,0,0,32
999,3,"enp0s10",1658398419.575915,"int",23,"10.0.0.12","10.0.1.12",2024,12582,9,0,0,33
999,3,"enp0s10",1658398419.575915,"int",23,"10.0.0.11","10.0.1.11",3250,13980,10,0,0,40
999,3,"enp0s10",1658398419.676445,"int",24,"10.0.0.12","10.0.1.12",2991,13980,10,0,0,44
999,3,"enp0s10",1658398419.676445,"int",24,"10.0.0.11","10.0.1.11",1702,13980,10,0,0,38
999,3,"enp0s10",1658398419.776596,"int",25,"10.0.0.12","10.0.1.12",3276,13980,10,0,0,45
999,3,"enp0s10",1658398419.776596,"int",25,"10.0.0.11","10.0.1.11",1934,12582,9,0,0,35
999,3,"enp0s10",1658398419.876630,"int",26,"10.0.0.12","10.0.1.12",2660,12582,9,0,0,28
999,3,"enp0s10",1658398419.876630,"int",26,"10.0.0.11","10.0.1.11",3101,13980,10,0,0,39
999,3,"enp0s10",1658398419.976812,"int",27,"10.0.0.12","10.0.1.12",3003,13980,10,0,0,44
999,3,"enp0s10",1658398419.976812,"int",27,"10.0.0.11","10.0.1.11",2456,13980,10,0,0,37
999,3,"enp0s10",1658398420.076932,"int",28,"10.0.0.12","10.0.1.12",1995,13980,10,0,0,38
999,3,"enp0s10",1658398420.076932,"int",28,"10.0.0.11","10.0.1.11",2202,12582,9,0,0,30
999,3,"enp0s10",1658398420.176953,"int",29,"10.0.0.12","10.0.1.12",2616,12582,9,0,0,31
999,3,"enp0s10",1658398420.176953,"int",29,"10.0.0.11","10.0.1.11",3438,13980,10,0,0,45
999,3,"enp0s10",1658398420.277264,"int",30,"10.0.0.12","10.0.1.12",4066,13980,10,0,0,45
999,3,"enp0s10",1658398420.277264,"int",30,"10.0.0.11","10.0.1.11",2188,12582,9,0,0,29
999,3,"enp0s10",1658398420.377823,"int",31,"10.0.0.12","10.0.1.12",1967,12582,9,0,0,28
999,3,"enp0s10",1658398420.377823,"int",31,"10.0.0.11","10.0.1.11",2479,13980,10,0,0,37
999,3,"enp0s10",1658398420.477955,"int",32,"10.0.0.12","10.0.1.12",3509,13980,10,0,0,45
999,3,"enp0s10",1658398420.477955,"int",32,"10.0.0.11","10.0.1.11",2886,13980,10,0,0,38
999,3,"enp0s10",1658398420.578183,"int",33,"10.0.0.12","10.0.1.12",3637,13980,10,0,0,37
999,3,"enp0s10",1658398420.578183,"int",33,"10.0.0.11","10.0.1.11",3242,12582,9,0,0,27
999,3,"enp0s10",1658398420.678349,"int",34,"10.0.0.12","10.0.1.12",2138,12582,9,0,0,29
999,3,"enp0s10",1658398420.678349,"int",34,"10.0.0.11","10.0.1.11",1810,13980,10,0,0,27
999,3,"enp0s10",1658398420.778411,"int",35,"10.0.0.12","10.0.1.12",3003,13980,10,0,0,38
999,3,"enp0s10",1658398420.778411,"int",35,"10.0.0.11","10.0.1.11",2578,12582,9,0,0,33
999,3,"enp0s10",1658398420.878591,"int",36,"10.0.0.12","10.0.1.12",2442,13980,10,0,0,37
999,3,"enp0s10",1658398420.878591,"int",36,"10.0.0.11","10.0.1.11",2682,13980,10,0,0,40
999,3,"enp0s10",1658398420.978876,"int",37,"10.0.0.12","10.0.1.12",1919,12582,9,0,0,31
999,3,"enp0s10",1658398420.978876,"int",37,"10.0.0.11","10.0.1.11",2073,13980,10,0,0,38
999,3,"enp0s10",1658398421.078974,"int",38,"10.0.0.12","10.0.1.12",2470,13980,10,0,0,45
999,3,"enp0s10",1658398421.078974,"int",38,"10.0.0.11","10.0.1.11",2487,12582,9,0,0,21
999,3,"enp0s10",1658398421.179050,"int",39,"10.0.0.12","10.0.1.12",2875,12582,9,0,0,29
999,3,"enp0s10",1658398421.179050,"int",39,"10.0.0.11","10.0.1.11",2936,13980,10,0,0,37
999,3,"enp0s10",1658398421.279457,"int",40,"10.0.0.12","10.0.1.12",2131,13980,10,0,0,36
999,3,"enp0s10",1658398421.279457,"int",40,"10.0.0.11","10.0.1.11",2179,12582,9,0,0,30
999,3,"enp0s10",1658398421.379509,"int",41,"10.0.0.12","10.0.1.12",1817,13980,10,0,0,27
999,3,"enp0s10",1658398421.379509,"int",41,"10.0.0.11","10.0.1.11",3527,13980,10,0,0,36
999,3,"enp0s10",1658398421.479935,"int",42,"10.0.0.12","10.0.1.12",2122,12582,9,0,0,31
999,3,"enp0s10",1658398421.479935,"int",42,"10.0.0.11","10.0.1.11",3152,13980,10,0,0,39
999,3,"enp0s10",1658398421.580053,"int",43,"10.0.0.12","10.0.1.12",2398,13980,10,0,0,38
999,3,"enp0s10",1658398421.580053,"int",43,"10.0.0.11","10.0.1.11",1812,12582,9,0,0,24
999,3,"enp0s10",1658398421.680150,"int",44,"10.0.0.12","10.0.1.12",2434,13980,10,0,0,40
999,3,"enp0s10",1658398421.680150,"int",44,"10.0.0.11","10.0.1.11",1160,13980,10,0,0,36
999,3,"enp0s10",1658398421.780197,"int",45,"10.0.0.12","10.0.1.12",1635,12582,9,0,0,26
999,3,"enp0s10",1658398421.780197,"int",45,"10.0.0.11","10.0.1.11",2652,12582,9,0,0,30
999,3,"enp0s10",1658398421.880226,"int",46,"10.0.0.12","10.0.1.12",3193,13980,10,0,0,45
999,3,"enp0s10",1658398421.880226,"int",46,"10.0.0.11","10.0.1.11",2934,13980,10,0,0,40
999,3,"enp0s10",1658398421.980598,"int",47,"10.0.0.12","10.0.1.12",2198,12582,9,0,0,31
999,3,"enp0s10",1658398421.980598,"int",47,"10.0.0.11","10.0.1.11",1972,13980,10,0,0,32
999,3,"enp0s10",1658398422.080674,"int",48,"10.0.0.12","10.0.1.12",2244,13980,10,0,0,45
999,3,"enp0s10",1658398422.080674,"int",48,"10.0.0.11","10.0.1.11",3101,12582,9,0,0,33
999,3,"enp0s10",1658398422.180950,"int",49,"10.0.0.12","10.0.1.12",2576,12582,9,0,0,25
999,3,"enp0s10",1658398422.180950,"int",49,"10.0.0.11","10.0.1.11",1831,13980,10,0,0,36
999,3,"enp0s10",1658398422.281052,"int",50,"10.0.0.12","10.0.1.12",2133,13980,10,0,0,36
999,3,"enp0s10",1658398422.281052,"int",50,"10.0.0.11","10.0.1.11",2192,13980,10,0,0,33
200,3,"enp0s10",1658398422.304339,661,0,651,0,866032,0
999,3,"enp0s10",1658398422.381090,"int",51,"10.0.0.12","10.0.1.12",2136,13980,10,0,0,38
999,3,"enp0s10",1658398422.381090,"int",51,"10.0.0.11","10.0.1.11",2656,12582,9,0,0,28
999,3,"enp0s10",1658398422.481175,"int",52,"10.0.0.12","10.0.1.12",2483,12582,9,0,0,32
999,3,"enp0s10",1658398422.481175,"int",52,"10.0.0.11","10.0.1.11",1522,13980,10,0,0,34
999,3,"enp0s10",1658398422.581231,"int",53,"10.0.0.12","10.0.1.12",1738,13980,10,0,0,25
999,3,"enp0s10",1658398422.581231,"int",53,"10.0.0.11","10.0.1.11",2704,12582,9,0,0,31
999,3,"enp0s10",1658398422.681479,"int",54,"10.0.0.12","10.0.1.12",1611,12582,9,0,0,21
999,3,"enp0s10",1658398422.681479,"int",54,"10.0.0.11","10.0.1.11",2818,13980,10,0,0,36
999,3,"enp0s10",1658398422.782018,"int",55,"10.0.0.12","10.0.1.12",2224,13980,10,0,0,24
999,3,"enp0s10",1658398422.782018,"int",55,"10.0.0.11","10.0.1.11",2172,13980,10,0,0,36
999,3,"enp0s10",1658398422.882095,"int",56,"10.0.0.12","10.0.1.12",2147,13980,10,0,0,37
999,3,"enp0s10",1658398422.882095,"int",56,"10.0.0.11","10.0.1.11",2412,12582,9,0,0,34
999,3,"enp0s10",1658398422.982149,"int",57,"10.0.0.12","10.0.1.12",2856,13980,10,0,0,42
999,3,"enp0s10",1658398422.982149,"int",57,"10.0.0.11","10.0.1.11",2042,13980,10,0,0,33
999,3,"enp0s10",1658398423.082476,"int",58,"10.0.0.12","10.0.1.12",3519,12582,9,0,0,35
999,3,"enp0s10",1658398423.082476,"int",58,"10.0.0.11","10.0.1.11",4131,13980,10,0,0,39
999,3,"enp0s10",1658398423.183043,"int",59,"10.0.0.12","10.0.1.12",4011,13980,10,0,0,43
999,3,"enp0s10",1658398423.183043,"int",59,"10.0.0.11","10.0.1.11",3399,12582,9,0,0,36
999,3,"enp0s10",1658398423.283064,"int",60,"10.0.0.12","10.0.1.12",2094,12582,9,0,0,36
999,3,"enp0s10",1658398423.283064,"int",60,"10.0.0.11","10.0.1.11",1998,13980,10,0,0,37
999,3,"enp0s10",1658398423.383540,"int",61,"10.0.0.12","10.0.1.12",3038,13980,10,0,0,36
999,3,"enp0s10",1658398423.383540,"int",61,"10.0.0.11","10.0.1.11",1996,12582,9,0,0,31
999,3,"enp0s10",1658398423.483726,"int",62,"10.0.0.12","10.0.1.12",1840,13980,10,0,0,38
999,3,"enp0s10",1658398423.483726,"int",62,"10.0.0.11","10.0.1.11",3091,13980,10,0,0,39
999,3,"enp0s10",1658398423.583794,"int",63,"10.0.0.12","10.0.1.12",2134,12582,9,0,0,33
999,3,"enp0s10",1658398423.583794,"int",63,"10.0.0.11","10.0.1.11",2333,12582,9,0,0,31
999,3,"enp0s10",1658398423.684081,"int",64,"10.0.0.12","10.0.1.12",2333,13980,10,0,0,33
999,3,"enp0s10",1658398423.684081,"int",64,"10.0.0.11","10.0.1.11",3938,13980,10,0,0,38
999,3,"enp0s10",1658398423.784430,"int",65,"10.0.0.12","10.0.1.12",2127,12582,9,0,0,36
999,3,"enp0s10",1658398423.784430,"int",65,"10.0.0.11","10.0.1.11",3162,13980,10,0,0,36
999,3,"enp0s10",1658398423.884658,"int",66,"10.0.0.12","10.0.1.12",1980,13980,10,0,0,38
999,3,"enp0s10",1658398423.884658,"int",66,"10.0.0.11","10.0.1.11",1677,12582,9,0,0,33
999,3,"enp0s10",1658398423.984889,"int",67,"10.0.0.12","10.0.1.12",2085,13980,10,0,0,36
999,3,"enp0s10",1658398423.984889,"int",67,"10.0.0.11","10.0.1.11",1761,13980,10,0,0,40
999,3,"enp0s10",1658398424.084942,"int",68,"10.0.0.12","10.0.1.12",1901,12582,9,0,0,31
999,3,"enp0s10",1658398424.084942,"int",68,"10.0.0.11","10.0.1.11",2020,13980,10,0,0,42
999,3,"enp0s10",1658398424.184956,"int",69,"10.0.0.12","10.0.1.12",949,13980,10,0,0,37
999,3,"enp0s10",1658398424.184956,"int",69,"10.0.0.11","10.0.1.11",1356,12582,9,0,0,27
999,3,"enp0s10",1658398424.285083,"int",70,"10.0.0.12","10.0.1.12",1730,13980,10,0,0,41
999,3,"enp0s10",1658398424.285083,"int",70,"10.0.0.11","10.0.1.11",1794,13980,10,0,0,34
999,3,"enp0s10",1658398424.385094,"int",71,"10.0.0.12","10.0.1.12",3081,12582,9,0,0,36
999,3,"enp0s10",1658398424.385094,"int",71,"10.0.0.11","10.0.1.11",2344,12582,9,0,0,28
999,3,"enp0s10",1658398424.485621,"int",72,"10.0.0.12","10.0.1.12",1994,13980,10,0,0,37
999,3,"enp0s10",1658398424.485621,"int",72,"10.0.0.11","10.0.1.11",3076,13980,10,0,0,45
999,3,"enp0s10",1658398424.586063,"int",73,"10.0.0.12","10.0.1.12",2047,12582,9,0,0,35
999,3,"enp0s10",1658398424.586063,"int",73,"10.0.0.11","10.0.1.11",1765,13980,10,0,0,40
999,3,"enp0s10",1658398424.686236,"int",74,"10.0.0.12","10.0.1.12",2554,13980,10,0,0,36
999,3,"enp0s10",1658398424.686236,"int",74,"10.0.0.11","10.0.1.11",1996,12582,9,0,0,30
999,3,"enp0s10",1658398424.786323,"int",75,"10.0.0.12","10.0.1.12",3841,13980,10,0,0,41
999,3,"enp0s10",1658398424.786323,"int",75,"10.0.0.11","10.0.1.11",2579,13980,10,0,0,38
999,3,"enp0s10",1658398424.886939,"int",76,"10.0.0.12","10.0.1.12",2490,12582,9,0,0,29
999,3,"enp0s10",1658398424.886939,"int",76,"10.0.0.11","10.0.1.11",3374,13980,10,0,0,39
999,3,"enp0s10",1658398424.986997,"int",77,"10.0.0.12","10.0.1.12",1772,13980,10,0,0,44
999,3,"enp0s10",1658398424.986997,"int",77,"10.0.0.11","10.0.1.11",1785,12582,9,0,0,32
999,3,"enp0s10",1658398425.087425,"int",78,"10.0.0.12","10.0.1.12",1533,12582,9,0,0,33
999,3,"enp0s10",1658398425.087425,"int",78,"10.0.0.11","10.0.1.11",1832,13980,10,0,0,39
999,3,"enp0s10",1658398425.187791,"int",79,"10.0.0.12","10.0.1.12",2697,13980,10,0,0,45
999,3,"enp0s10",1658398425.187791,"int",79,"10.0.0.11","10.0.1.11",2080,12582,9,0,0,36
999,3,"enp0s10",1658398425.288323,"int",80,"10.0.0.12","10.0.1.12",2212,13980,10,0,0,36
999,3,"enp0s10",1658398425.288323,"int",80,"10.0.0.11","10.0.1.11",1646,13980,10,0,0,36
999,3,"enp0s10",1658398425.388715,"int",81,"10.0.0.12","10.0.1.12",2024,12582,9,0,0,36
999,3,"enp0s10",1658398425.388715,"int",81,"10.0.0.11","10.0.1.11",2408,13980,10,0,0,39
999,3,"enp0s10",1658398425.488935,"int",82,"10.0.0.12","10.0.1.12",1559,13980,10,0,0,40
999,3,"enp0s10",1658398425.488935,"int",82,"10.0.0.11","10.0.1.11",1721,12582,9,0,0,29
999,3,"enp0s10",1658398425.589062,"int",83,"10.0.0.12","10.0.1.12",1913,12582,9,0,0,29
999,3,"enp0s10",1658398425.589062,"int",83,"10.0.0.11","10.0.1.11",2876,13980,10,0,0,41
999,3,"enp0s10",1658398425.689157,"int",84,"10.0.0.12","10.0.1.12",2008,13980,10,0,0,37
999,3,"enp0s10",1658398425.689157,"int",84,"10.0.0.11","10.0.1.11",1652,12582,9,0,0,31
999,3,"enp0s10",1658398425.789578,"int",85,"10.0.0.12","10.0.1.12",2955,13980,10,0,0,42
999,3,"enp0s10",1658398425.789578,"int",85,"10.0.0.11","10.0.1.11",3286,13980,10,0,0,45
999,3,"enp0s10",1658398425.889912,"int",86,"10.0.0.12","10.0.1.12",1726,12582,9,0,0,30
999,3,"enp0s10",1658398425.889912,"int",86,"10.0.0.11","10.0.1.11",2080,13980,10,0,0,43
999,3,"enp0s10",1658398425.990352,"int",87,"10.0.0.12","10.0.1.12",2448,13980,10,0,0,43
999,3,"enp0s10",1658398425.990352,"int",87,"10.0.0.11","10.0.1.11",1905,12582,9,0,0,31
999,3,"enp0s10",1658398426.090640,"int",88,"10.0.0.12","10.0.1.12",1936,12582,9,0,0,28
999,3,"enp0s10",1658398426.090640,"int",88,"10.0.0.11","10.0.1.11",2493,13980,10,0,0,42
999,3,"enp0s10",1658398426.190932,"int",89,"10.0.0.12","10.0.1.12",2676,13980,10,0,0,45
999,3,"enp0s10",1658398426.190932,"int",89,"10.0.0.11","10.0.1.11",2862,13980,10,0,0,45
999,3,"enp0s10",1658398426.291060,"int",90,"10.0.0.12","10.0.1.12",2665,13980,10,0,0,45
999,3,"enp0s10",1658398426.291060,"int",90,"10.0.0.11","10.0.1.11",2440,12582,9,0,0,36
999,3,"enp0s10",1658398426.391098,"int",91,"10.0.0.12","10.0.1.12",4531,12582,9,0,0,36
999,3,"enp0s10",1658398426.391098,"int",91,"10.0.0.11","10.0.1.11",3565,13980,10,0,0,45
999,3,"enp0s10",1658398426.491402,"int",92,"10.0.0.12","10.0.1.12",4070,13980,10,0,0,40
999,3,"enp0s10",1658398426.491402,"int",92,"10.0.0.11","10.0.1.11",3687,12582,9,0,0,36
999,3,"enp0s10",1658398426.591416,"int",93,"10.0.0.12","10.0.1.12",2619,13980,10,0,0,45
999,3,"enp0s10",1658398426.591416,"int",93,"10.0.0.11","10.0.1.11",2418,13980,10,0,0,45
999,3,"enp0s10",1658398426.691519,"int",94,"10.0.0.12","10.0.1.12",2385,12582,9,0,0,36
999,3,"enp0s10",1658398426.691519,"int",94,"10.0.0.11","10.0.1.11",1666,13980,10,0,0,44
999,3,"enp0s10",1658398426.791699,"int",95,"10.0.0.12","10.0.1.12",4254,13980,10,0,0,45
999,3,"enp0s10",1658398426.791699,"int",95,"10.0.0.11","10.0.1.11",2338,12582,9,0,0,36
999,3,"enp0s10",1658398426.892011,"int",96,"10.0.0.12","10.0.1.12",1980,12582,9,0,0,36
999,3,"enp0s10",1658398426.892011,"int",96,"10.0.0.11","10.0.1.11",2027,13980,10,0,0,45
999,3,"enp0s10",1658398426.992192,"int",97,"10.0.0.12","10.0.1.12",1876,13980,10,0,0,45
999,3,"enp0s10",1658398426.992192,"int",97,"10.0.0.11","10.0.1.11",1861,13980,10,0,0,45
999,3,"enp0s10",1658398427.092355,"int",98,"10.0.0.12","10.0.1.12",3580,13980,10,0,0,45
999,3,"enp0s10",1658398427.092355,"int",98,"10.0.0.11","10.0.1.11",2510,12582,9,0,0,36
999,3,"enp0s10",1658398427.192465,"int",99,"10.0.0.12","10.0.1.12",1743,12582,9,0,0,36
999,3,"enp0s10",1658398427.192465,"int",99,"10.0.0.11","10.0.1.11",1970,13980,10,0,0,45
999,3,"enp0s10",1658398427.292643,"int",100,"10.0.0.12","10.0.1.12",2791,13980,10,0,0,45
999,3,"enp0s10",1658398427.292643,"int",100,"10.0.0.11","10.0.1.11",2348,12582,9,0,0,36
200,3,"enp0s10",1658398427.304644,1622,0,1622,0,2223490,0
999,3,"enp0s10",1658398427.392890,"int",101,"10.0.0.12","10.0.1.12",2262,13980,10,0,0,45
999,3,"enp0s10",1658398427.392890,"int",101,"10.0.0.11","10.0.1.11",1607,13980,10,0,0,45
999,3,"enp0s10",1658398427.493336,"int",102,"10.0.0.12","10.0.1.12",3076,12582,9,0,0,36
999,3,"enp0s10",1658398427.493336,"int",102,"10.0.0.11","10.0.1.11",2543,13980,10,0,0,45
999,3,"enp0s10",1658398427.593617,"int",103,"10.0.0.12","10.0.1.12",3015,13980,10,0,0,45
999,3,"enp0s10",1658398427.593617,"int",103,"10.0.0.11","10.0.1.11",2551,12582,9,0,0,36
999,3,"enp0s10",1658398427.693779,"int",104,"10.0.0.12","10.0.1.12",2219,12582,9,0,0,36
999,3,"enp0s10",1658398427.693779,"int",104,"10.0.0.11","10.0.1.11",2045,13980,10,0,0,45
999,3,"enp0s10",1658398427.793947,"int",105,"10.0.0.12","10.0.1.12",1932,13980,10,0,0,45
999,3,"enp0s10",1658398427.793947,"int",105,"10.0.0.11","10.0.1.11",3977,12582,9,0,0,36
999,3,"enp0s10",1658398427.894373,"int",106,"10.0.0.12","10.0.1.12",2447,12582,9,0,0,36
999,3,"enp0s10",1658398427.894373,"int",106,"10.0.0.11","10.0.1.11",2768,13980,10,0,0,45
999,3,"enp0s10",1658398427.994629,"int",107,"10.0.0.12","10.0.1.12",2253,13980,10,0,0,39
999,3,"enp0s10",1658398427.994629,"int",107,"10.0.0.11","10.0.1.11",2409,13980,10,0,0,45
999,3,"enp0s10",1658398428.094866,"int",108,"10.0.0.12","10.0.1.12",2090,13980,10,0,0,45
999,3,"enp0s10",1658398428.094866,"int",108,"10.0.0.11","10.0.1.11",2721,12582,9,0,0,36
999,3,"enp0s10",1658398428.194875,"int",109,"10.0.0.12","10.0.1.12",2905,12582,9,0,0,36
999,3,"enp0s10",1658398428.194875,"int",109,"10.0.0.11","10.0.1.11",2075,13980,10,0,0,45
999,3,"enp0s10",1658398428.295084,"int",110,"10.0.0.12","10.0.1.12",2666,13980,10,0,0,45
999,3,"enp0s10",1658398428.295084,"int",110,"10.0.0.11","10.0.1.11",2185,12582,9,0,0,36
999,3,"enp0s10",1658398428.395312,"int",111,"10.0.0.12","10.0.1.12",3725,13980,10,0,0,37
999,3,"enp0s10",1658398428.395312,"int",111,"10.0.0.11","10.0.1.11",4149,13980,10,0,0,45
999,3,"enp0s10",1658398428.495317,"int",112,"10.0.0.12","10.0.1.12",2351,12582,9,0,0,36
999,3,"enp0s10",1658398428.495317,"int",112,"10.0.0.11","10.0.1.11",2175,13980,10,0,0,45
999,3,"enp0s10",1658398428.595541,"int",113,"10.0.0.12","10.0.1.12",2041,13980,10,0,0,45
999,3,"enp0s10",1658398428.595541,"int",113,"10.0.0.11","10.0.1.11",2502,12582,9,0,0,36
999,3,"enp0s10",1658398428.695711,"int",114,"10.0.0.12","10.0.1.12",2412,12582,9,0,0,36
999,3,"enp0s10",1658398428.695711,"int",114,"10.0.0.11","10.0.1.11",2761,13980,10,0,0,45
999,3,"enp0s10",1658398428.796093,"int",115,"10.0.0.12","10.0.1.12",2874,13980,10,0,0,45
999,3,"enp0s10",1658398428.796093,"int",115,"10.0.0.11","10.0.1.11",2558,12582,9,0,0,36
999,3,"enp0s10",1658398428.896537,"int",116,"10.0.0.12","10.0.1.12",3958,13980,10,0,0,45
999,3,"enp0s10",1658398428.896537,"int",116,"10.0.0.11","10.0.1.11",2993,13980,10,0,0,45
999,3,"enp0s10",1658398428.996635,"int",117,"10.0.0.12","10.0.1.12",2090,12582,9,0,0,36
999,3,"enp0s10",1658398428.996635,"int",117,"10.0.0.11","10.0.1.11",2334,13980,10,0,0,45
999,3,"enp0s10",1658398429.096666,"int",118,"10.0.0.12","10.0.1.12",2222,13980,10,0,0,45
999,3,"enp0s10",1658398429.096666,"int",118,"10.0.0.11","10.0.1.11",1840,12582,9,0,0,36
999,3,"enp0s10",1658398429.197082,"int",119,"10.0.0.12","10.0.1.12",1762,12582,9,0,0,36
999,3,"enp0s10",1658398429.197082,"int",119,"10.0.0.11","10.0.1.11",1768,13980,10,0,0,45
999,3,"enp0s10",1658398429.297287,"int",120,"10.0.0.12","10.0.1.12",3098,13980,10,0,0,45
999,3,"enp0s10",1658398429.297287,"int",120,"10.0.0.11","10.0.1.11",2630,13980,10,0,0,45
999,3,"enp0s10",1658398429.397378,"int",121,"10.0.0.12","10.0.1.12",2036,13980,10,0,0,45
999,3,"enp0s10",1658398429.397378,"int",121,"10.0.0.11","10.0.1.11",1970,12582,9,0,0,36
999,3,"enp0s10",1658398429.497477,"int",122,"10.0.0.12","10.0.1.12",1843,13980,10,0,0,45
999,3,"enp0s10",1658398429.497477,"int",122,"10.0.0.11","10.0.1.11",2170,13980,10,0,0,45
999,3,"enp0s10",1658398429.597621,"int",123,"10.0.0.12","10.0.1.12",1540,12582,9,0,0,36
999,3,"enp0s10",1658398429.597621,"int",123,"10.0.0.11","10.0.1.11",1888,12582,9,0,0,36
999,3,"enp0s10",1658398429.697692,"int",124,"10.0.0.12","10.0.1.12",2184,13980,10,0,0,37
999,3,"enp0s10",1658398429.697692,"int",124,"10.0.0.11","10.0.1.11",2195,13980,10,0,0,45
999,3,"enp0s10",1658398429.797931,"int",125,"10.0.0.12","10.0.1.12",3977,12582,9,0,0,30
999,3,"enp0s10",1658398429.797931,"int",125,"10.0.0.11","10.0.1.11",3421,13980,10,0,0,36
999,3,"enp0s10",1658398429.898550,"int",126,"10.0.0.12","10.0.1.12",2266,13980,10,0,0,32
999,3,"enp0s10",1658398429.898550,"int",126,"10.0.0.11","10.0.1.11",3455,12582,9,0,0,28
999,3,"enp0s10",1658398429.998742,"int",127,"10.0.0.12","10.0.1.12",2315,13980,10,0,0,31
999,3,"enp0s10",1658398429.998742,"int",127,"10.0.0.11","10.0.1.11",2312,13980,10,0,0,33
999,3,"enp0s10",1658398430.098904,"int",128,"10.0.0.12","10.0.1.12",2535,12582,9,0,0,28
999,3,"enp0s10",1658398430.098904,"int",128,"10.0.0.11","10.0.1.11",2528,13980,10,0,0,37
999,3,"enp0s10",1658398430.199312,"int",129,"10.0.0.12","10.0.1.12",2113,13980,10,0,0,37
999,3,"enp0s10",1658398430.199312,"int",129,"10.0.0.11","10.0.1.11",1306,12582,9,0,0,28
999,3,"enp0s10",1658398430.299524,"int",130,"10.0.0.12","10.0.1.12",1587,12582,9,0,0,28
999,3,"enp0s10",1658398430.299524,"int",130,"10.0.0.11","10.0.1.11",1874,13980,10,0,0,39
999,3,"enp0s10",1658398430.399795,"int",131,"10.0.0.12","10.0.1.12",2289,13980,10,0,0,31
999,3,"enp0s10",1658398430.399795,"int",131,"10.0.0.11","10.0.1.11",1800,13980,10,0,0,32
999,3,"enp0s10",1658398430.500158,"int",132,"10.0.0.12","10.0.1.12",2041,15378,11,0,0,41
999,3,"enp0s10",1658398430.500158,"int",132,"10.0.0.11","10.0.1.11",1422,12582,9,0,0,28
999,3,"enp0s10",1658398430.600651,"int",133,"10.0.0.12","10.0.1.12",1932,11184,8,0,0,28
999,3,"enp0s10",1658398430.600651,"int",133,"10.0.0.11","10.0.1.11",2204,13980,10,0,0,38
999,3,"enp0s10",1658398430.700725,"int",134,"10.0.0.12","10.0.1.12",1864,13980,10,0,0,37
999,3,"enp0s10",1658398430.700725,"int",134,"10.0.0.11","10.0.1.11",2332,12582,9,0,0,31
999,3,"enp0s10",1658398430.800773,"int",135,"10.0.0.12","10.0.1.12",2105,15378,11,0,0,38
999,3,"enp0s10",1658398430.800773,"int",135,"10.0.0.11","10.0.1.11",2023,13980,10,0,0,36
999,3,"enp0s10",1658398430.900851,"int",136,"10.0.0.12","10.0.1.12",4671,11184,8,0,0,36
999,3,"enp0s10",1658398430.900851,"int",136,"10.0.0.11","10.0.1.11",3749,13980,10,0,0,37
999,3,"enp0s10",1658398431.001171,"int",137,"10.0.0.12","10.0.1.12",3116,13980,10,0,0,43
999,3,"enp0s10",1658398431.001171,"int",137,"10.0.0.11","10.0.1.11",3119,12582,9,0,0,32
999,3,"enp0s10",1658398431.101222,"int",138,"10.0.0.12","10.0.1.12",1872,13980,10,0,0,32
999,3,"enp0s10",1658398431.101222,"int",138,"10.0.0.11","10.0.1.11",2649,13980,10,0,0,45
999,3,"enp0s10",1658398431.201596,"int",139,"10.0.0.12","10.0.1.12",3869,12582,9,0,0,40
999,3,"enp0s10",1658398431.201596,"int",139,"10.0.0.11","10.0.1.11",2620,12582,9,0,0,36
999,3,"enp0s10",1658398431.301618,"int",140,"10.0.0.12","10.0.1.12",3256,13980,10,0,0,36
999,3,"enp0s10",1658398431.301618,"int",140,"10.0.0.11","10.0.1.11",2058,13980,10,0,0,39
999,3,"enp0s10",1658398431.402058,"int",141,"10.0.0.12","10.0.1.12",1410,12582,9,0,0,28
999,3,"enp0s10",1658398431.402058,"int",141,"10.0.0.11","10.0.1.11",2578,13980,10,0,0,43
999,3,"enp0s10",1658398431.502267,"int",142,"10.0.0.12","10.0.1.12",3621,13980,10,0,0,45
999,3,"enp0s10",1658398431.502267,"int",142,"10.0.0.11","10.0.1.11",2601,12582,9,0,0,29
999,3,"enp0s10",1658398431.602275,"int",143,"10.0.0.12","10.0.1.12",2059,12582,9,0,0,32
999,3,"enp0s10",1658398431.602275,"int",143,"10.0.0.11","10.0.1.11",3426,13980,10,0,0,38
999,3,"enp0s10",1658398431.702379,"int",144,"10.0.0.12","10.0.1.12",2071,13980,10,0,0,35
999,3,"enp0s10",1658398431.702379,"int",144,"10.0.0.11","10.0.1.11",2809,12582,9,0,0,36
999,3,"enp0s10",1658398431.802508,"int",145,"10.0.0.12","10.0.1.12",2099,13980,10,0,0,45
999,3,"enp0s10",1658398431.802508,"int",145,"10.0.0.11","10.0.1.11",2032,13980,10,0,0,45
999,3,"enp0s10",1658398431.902723,"int",146,"10.0.0.12","10.0.1.12",2751,12582,9,0,0,36
999,3,"enp0s10",1658398431.902723,"int",146,"10.0.0.11","10.0.1.11",2285,13980,10,0,0,45
999,3,"enp0s10",1658398432.002785,"int",147,"10.0.0.12","10.0.1.12",3537,19572,14,0,0,43
999,3,"enp0s10",1658398432.002785,"int",147,"10.0.0.11","10.0.1.11",4208,12582,9,0,0,28
999,3,"enp0s10",1658398432.102929,"int",148,"10.0.0.12","10.0.1.12",3862,6990,5,0,0,25
999,3,"enp0s10",1658398432.102929,"int",148,"10.0.0.11","10.0.1.11",2815,13980,10,0,0,36
999,3,"enp0s10",1658398432.203180,"int",149,"10.0.0.12","10.0.1.12",2434,13980,10,0,0,37
999,3,"enp0s10",1658398432.203180,"int",149,"10.0.0.11","10.0.1.11",3044,13980,10,0,0,45
999,3,"enp0s10",1658398432.303417,"int",150,"10.0.0.12","10.0.1.12",2663,18174,13,0,0,47
999,3,"enp0s10",1658398432.303417,"int",150,"10.0.0.11","10.0.1.11",3029,12582,9,0,0,28
200,3,"enp0s10",1658398432.304775,2583,0,2577,0,3558580,0
999,3,"enp0s10",1658398432.403893,"int",151,"10.0.0.12","10.0.1.12",4246,8388,6,0,0,28
999,3,"enp0s10",1658398432.403893,"int",151,"10.0.0.11","10.0.1.11",4527,13980,10,0,0,44
999,3,"enp0s10",1658398432.504176,"int",152,"10.0.0.12","10.0.1.12",2812,13980,10,0,0,27
999,3,"enp0s10",1658398432.504176,"int",152,"10.0.0.11","10.0.1.11",3887,12582,9,0,0,35
999,3,"enp0s10",1658398432.604271,"int",153,"10.0.0.12","10.0.1.12",2129,15378,11,0,0,45
999,3,"enp0s10",1658398432.604271,"int",153,"10.0.0.11","10.0.1.11",1754,13980,10,0,0,32
999,3,"enp0s10",1658398432.704563,"int",154,"10.0.0.12","10.0.1.12",1999,11184,8,0,0,36
999,3,"enp0s10",1658398432.704563,"int",154,"10.0.0.11","10.0.1.11",2185,13980,10,0,0,15
999,3,"enp0s10",1658398432.804890,"int",155,"10.0.0.12","10.0.1.12",2049,13980,10,0,0,27
999,3,"enp0s10",1658398432.804890,"int",155,"10.0.0.11","10.0.1.11",2063,12582,9,0,0,6
999,3,"enp0s10",1658398432.904991,"int",156,"10.0.0.12","10.0.1.12",2126,23766,17,0,0,51
999,3,"enp0s10",1658398432.904991,"int",156,"10.0.0.11","10.0.1.11",2003,13980,10,0,0,17
999,3,"enp0s10",1658398433.005182,"int",157,"10.0.0.12","10.0.1.12",3026,4194,3,0,0,3
999,3,"enp0s10",1658398433.005182,"int",157,"10.0.0.11","10.0.1.11",2624,12582,9,0,0,32
999,3,"enp0s10",1658398433.105193,"int",158,"10.0.0.12","10.0.1.12",2685,12582,9,0,0,39
999,3,"enp0s10",1658398433.105193,"int",158,"10.0.0.11","10.0.1.11",1992,13980,10,0,0,43
999,3,"enp0s10",1658398433.205264,"int",159,"10.0.0.12","10.0.1.12",2512,26562,19,0,0,45
999,3,"enp0s10",1658398433.205264,"int",159,"10.0.0.11","10.0.1.11",2710,13980,10,0,0,22
999,3,"enp0s10",1658398433.305576,"int",160,"10.0.0.12","10.0.1.12",962,5592,4,0,0,6
999,3,"enp0s10",1658398433.305576,"int",160,"10.0.0.11","10.0.1.11",2577,12582,9,0,0,22
999,3,"enp0s10",1658398433.405840,"int",161,"10.0.0.12","10.0.1.12",3619,6990,5,0,0,5
999,3,"enp0s10",1658398433.405840,"int",161,"10.0.0.11","10.0.1.11",2586,13980,10,0,0,18
999,3,"enp0s10",1658398433.506082,"int",162,"10.0.0.12","10.0.1.12",2015,27960,20,0,0,46
999,3,"enp0s10",1658398433.506082,"int",162,"10.0.0.11","10.0.1.11",1565,12582,9,0,0,28
999,3,"enp0s10",1658398433.606344,"int",163,"10.0.0.11","10.0.1.11",2409,13980,10,0,0,17
999,3,"enp0s10",1658398433.706370,"int",164,"10.0.0.12","10.0.1.12",2510,12582,9,0,0,13
999,3,"enp0s10",1658398433.706370,"int",164,"10.0.0.11","10.0.1.11",2829,13980,10,0,0,9
999,3,"enp0s10",1658398433.806478,"int",165,"10.0.0.12","10.0.1.12",2360,26562,19,0,0,52
999,3,"enp0s10",1658398433.806478,"int",165,"10.0.0.11","10.0.1.11",2069,12582,9,0,0,14
999,3,"enp0s10",1658398433.906771,"int",166,"10.0.0.11","10.0.1.11",2618,13980,10,0,0,21
999,3,"enp0s10",1658398434.007024,"int",167,"10.0.0.12","10.0.1.12",2502,13980,10,0,0,44
999,3,"enp0s10",1658398434.007024,"int",167,"10.0.0.11","10.0.1.11",2089,13980,10,0,0,10
999,3,"enp0s10",1658398434.107334,"int",168,"10.0.0.12","10.0.1.12",2007,26562,19,0,0,29
999,3,"enp0s10",1658398434.107334,"int",168,"10.0.0.11","10.0.1.11",2244,12582,9,0,0,5
999,3,"enp0s10",1658398434.207607,"int",169,"10.0.0.12","10.0.1.12",415,1398,1,0,0,0
999,3,"enp0s10",1658398434.207607,"int",169,"10.0.0.11","10.0.1.11",1972,13980,10,0,0,19
999,3,"enp0s10",1658398434.307699,"int",170,"10.0.0.12","10.0.1.12",2539,12582,9,0,0,27
999,3,"enp0s10",1658398434.307699,"int",170,"10.0.0.11","10.0.1.11",1857,12582,9,0,0,34
999,3,"enp0s10",1658398434.407817,"int",171,"10.0.0.12","10.0.1.12",2089,26562,19,0,0,71
999,3,"enp0s10",1658398434.407817,"int",171,"10.0.0.11","10.0.1.11",1889,13980,10,0,0,33
999,3,"enp0s10",1658398434.508242,"int",172,"10.0.0.12","10.0.1.12",994,8388,6,0,0,2
999,3,"enp0s10",1658398434.508242,"int",172,"10.0.0.11","10.0.1.11",2906,13980,10,0,0,16
999,3,"enp0s10",1658398434.608619,"int",173,"10.0.0.12","10.0.1.12",2987,6990,5,0,0,6
999,3,"enp0s10",1658398434.608619,"int",173,"10.0.0.11","10.0.1.11",1764,12582,9,0,0,9
999,3,"enp0s10",1658398434.708643,"int",174,"10.0.0.12","10.0.1.12",2631,25164,18,0,0,63
999,3,"enp0s10",1658398434.708643,"int",174,"10.0.0.11","10.0.1.11",2280,13980,10,0,0,43
999,3,"enp0s10",1658398434.808880,"int",175,"10.0.0.12","10.0.1.12",1524,9786,7,0,0,18
999,3,"enp0s10",1658398434.808880,"int",175,"10.0.0.11","10.0.1.11",2327,12582,9,0,0,21
999,3,"enp0s10",1658398434.909234,"int",176,"10.0.0.12","10.0.1.12",3790,4194,3,0,0,3
999,3,"enp0s10",1658398434.909234,"int",176,"10.0.0.11","10.0.1.11",2171,13980,10,0,0,42
999,3,"enp0s10",1658398435.009411,"int",177,"10.0.0.12","10.0.1.12",2667,26562,19,0,0,55
999,3,"enp0s10",1658398435.009411,"int",177,"10.0.0.11","10.0.1.11",2222,13980,10,0,0,15
999,3,"enp0s10",1658398435.109704,"int",178,"10.0.0.12","10.0.1.12",2445,12582,9,0,0,9
999,3,"enp0s10",1658398435.109704,"int",178,"10.0.0.11","10.0.1.11",1947,12582,9,0,0,12
999,3,"enp0s10",1658398435.209793,"int",179,"10.0.0.11","10.0.1.11",2259,13980,10,0,0,21
999,3,"enp0s10",1658398435.309897,"int",180,"10.0.0.12","10.0.1.12",2906,27960,20,0,0,74
999,3,"enp0s10",1658398435.309897,"int",180,"10.0.0.11","10.0.1.11",2606,13980,10,0,0,38
999,3,"enp0s10",1658398435.409996,"int",181,"10.0.0.12","10.0.1.12",2010,11184,8,0,0,28
999,3,"enp0s10",1658398435.409996,"int",181,"10.0.0.11","10.0.1.11",2797,12582,9,0,0,36
999,3,"enp0s10",1658398435.510098,"int",182,"10.0.0.12","10.0.1.12",4862,1398,1,0,0,7
999,3,"enp0s10",1658398435.510098,"int",182,"10.0.0.11","10.0.1.11",2894,13980,10,0,0,40
999,3,"enp0s10",1658398435.610398,"int",183,"10.0.0.12","10.0.1.12",2543,27960,20,0,0,72
999,3,"enp0s10",1658398435.610398,"int",183,"10.0.0.11","10.0.1.11",3182,12582,9,0,0,30
999,3,"enp0s10",1658398435.710458,"int",184,"10.0.0.12","10.0.1.12",2607,12582,9,0,0,21
999,3,"enp0s10",1658398435.710458,"int",184,"10.0.0.11","10.0.1.11",3231,13980,10,0,0,44
999,3,"enp0s10",1658398435.810697,"int",185,"10.0.0.12","10.0.1.12",1519,12582,9,0,0,26
999,3,"enp0s10",1658398435.810697,"int",185,"10.0.0.11","10.0.1.11",2234,13980,10,0,0,15
999,3,"enp0s10",1658398435.910870,"int",186,"10.0.0.12","10.0.1.12",2569,15378,11,0,0,48
999,3,"enp0s10",1658398435.910870,"int",186,"10.0.0.11","10.0.1.11",2985,12582,9,0,0,24
999,3,"enp0s10",1658398436.010874,"int",187,"10.0.0.12","10.0.1.12",1956,12582,9,0,0,15
999,3,"enp0s10",1658398436.010874,"int",187,"10.0.0.11","10.0.1.11",2703,13980,10,0,0,38
999,3,"enp0s10",1658398436.111411,"int",188,"10.0.0.11","10.0.1.11",2478,13980,10,0,0,26
999,3,"enp0s10",1658398436.212075,"int",189,"10.0.0.12","10.0.1.12",2645,26562,19,0,0,48
999,3,"enp0s10",1658398436.212075,"int",189,"10.0.0.11","10.0.1.11",1998,12582,9,0,0,16
999,3,"enp0s10",1658398436.312365,"int",190,"10.0.0.12","10.0.1.12",2148,13980,10,0,0,12
999,3,"enp0s10",1658398436.312365,"int",190,"10.0.0.11","10.0.1.11",3311,13980,10,0,0,18
999,3,"enp0s10",1658398436.412872,"int",191,"10.0.0.12","10.0.1.12",906,1398,1,0,0,0
999,3,"enp0s10",1658398436.412872,"int",191,"10.0.0.11","10.0.1.11",1616,12582,9,0,0,22
999,3,"enp0s10",1658398436.513273,"int",192,"10.0.0.12","10.0.1.12",3109,25164,18,0,0,43
999,3,"enp0s10",1658398436.513273,"int",192,"10.0.0.11","10.0.1.11",1914,13980,10,0,0,12
999,3,"enp0s10",1658398436.613904,"int",193,"10.0.0.12","10.0.1.12",2084,13980,10,0,0,18
999,3,"enp0s10",1658398436.613904,"int",193,"10.0.0.11","10.0.1.11",2423,13980,10,0,0,12
999,3,"enp0s10",1658398436.714137,"int",194,"10.0.0.12","10.0.1.12",2847,12582,9,0,0,23
999,3,"enp0s10",1658398436.714137,"int",194,"10.0.0.11","10.0.1.11",3450,12582,9,0,0,36
999,3,"enp0s10",1658398436.814383,"int",195,"10.0.0.12","10.0.1.12",2811,13980,10,0,0,37
999,3,"enp0s10",1658398436.814383,"int",195,"10.0.0.11","10.0.1.11",2616,13980,10,0,0,45
999,3,"enp0s10",1658398436.914420,"int",196,"10.0.0.12","10.0.1.12",2180,9786,7,0,0,21
999,3,"enp0s10",1658398436.914420,"int",196,"10.0.0.11","10.0.1.11",2225,13980,10,0,0,41
999,3,"enp0s10",1658398437.014468,"int",197,"10.0.0.12","10.0.1.12",3583,16776,12,0,0,55
999,3,"enp0s10",1658398437.014468,"int",197,"10.0.0.11","10.0.1.11",3649,12582,9,0,0,25
999,3,"enp0s10",1658398437.114687,"int",198,"10.0.0.12","10.0.1.12",3088,13980,10,0,0,38
999,3,"enp0s10",1658398437.114687,"int",198,"10.0.0.11","10.0.1.11",4393,13980,10,0,0,40
999,3,"enp0s10",1658398437.214922,"int",199,"10.0.0.12","10.0.1.12",1978,12582,9,0,0,5
999,3,"enp0s10",1658398437.214922,"int",199,"10.0.0.11","10.0.1.11",1496,12582,9,0,0,36
200,3,"enp0s10",1658398437.304987,3545,0,3541,0,4906252,0
999,3,"enp0s10",1658398437.315172,"int",200,"10.0.0.12","10.0.1.12",2111,13980,10,0,0,34
999,3,"enp0s10",1658398437.315172,"int",200,"10.0.0.11","10.0.1.11",2086,13980,10,0,0,20
999,3,"enp0s10",1658398437.415263,"int",201,"10.0.0.12","10.0.1.12",2209,13980,10,0,0,45
999,3,"enp0s10",1658398437.415263,"int",201,"10.0.0.11","10.0.1.11",3434,13980,10,0,0,34
999,3,"enp0s10",1658398437.515392,"int",202,"10.0.0.12","10.0.1.12",2106,12582,9,0,0,14
999,3,"enp0s10",1658398437.515392,"int",202,"10.0.0.11","10.0.1.11",1384,12582,9,0,0,3
999,3,"enp0s10",1658398437.615676,"int",203,"10.0.0.12","10.0.1.12",3990,13980,10,0,0,31
999,3,"enp0s10",1658398437.615676,"int",203,"10.0.0.11","10.0.1.11",2527,13980,10,0,0,35
999,3,"enp0s10",1658398437.715860,"int",204,"10.0.0.12","10.0.1.12",2713,13980,10,0,0,43
999,3,"enp0s10",1658398437.715860,"int",204,"10.0.0.11","10.0.1.11",2812,12582,9,0,0,33
999,3,"enp0s10",1658398437.816183,"int",205,"10.0.0.12","10.0.1.12",2128,12582,9,0,0,36
999,3,"enp0s10",1658398437.816183,"int",205,"10.0.0.11","10.0.1.11",3365,13980,10,0,0,37
999,3,"enp0s10",1658398437.916226,"int",206,"10.0.0.12","10.0.1.12",2989,13980,10,0,0,26
999,3,"enp0s10",1658398437.916226,"int",206,"10.0.0.11","10.0.1.11",2874,13980,10,0,0,45
999,3,"enp0s10",1658398438.016272,"int",207,"10.0.0.12","10.0.1.12",2608,12582,9,0,0,36
999,3,"enp0s10",1658398438.016272,"int",207,"10.0.0.11","10.0.1.11",2459,12582,9,0,0,36
999,3,"enp0s10",1658398438.116290,"int",208,"10.0.0.12","10.0.1.12",2179,12582,9,0,0,28
999,3,"enp0s10",1658398438.116290,"int",208,"10.0.0.11","10.0.1.11",1935,13980,10,0,0,36
999,3,"enp0s10",1658398438.216775,"int",209,"10.0.0.12","10.0.1.12",2782,15378,11,0,0,47
999,3,"enp0s10",1658398438.216775,"int",209,"10.0.0.11","10.0.1.11",2256,12582,9,0,0,36
999,3,"enp0s10",1658398438.317043,"int",210,"10.0.0.12","10.0.1.12",1792,12582,9,0,0,29
999,3,"enp0s10",1658398438.317043,"int",210,"10.0.0.11","10.0.1.11",2929,13980,10,0,0,15
999,3,"enp0s10",1658398438.417102,"int",211,"10.0.0.12","10.0.1.12",3116,13980,10,0,0,41
999,3,"enp0s10",1658398438.417102,"int",211,"10.0.0.11","10.0.1.11",3151,13980,10,0,0,40
999,3,"enp0s10",1658398438.517519,"int",212,"10.0.0.12","10.0.1.12",2872,12582,9,0,0,31
999,3,"enp0s10",1658398438.517519,"int",212,"10.0.0.11","10.0.1.11",1591,12582,9,0,0,33
999,3,"enp0s10",1658398438.617694,"int",213,"10.0.0.12","10.0.1.12",1697,13980,10,0,0,35
999,3,"enp0s10",1658398438.617694,"int",213,"10.0.0.11","10.0.1.11",3707,13980,10,0,0,17
999,3,"enp0s10",1658398438.717865,"int",214,"10.0.0.12","10.0.1.12",2329,13980,10,0,0,37
999,3,"enp0s10",1658398438.717865,"int",214,"10.0.0.11","10.0.1.11",1406,13980,10,0,0,32
999,3,"enp0s10",1658398438.818226,"int",215,"10.0.0.12","10.0.1.12",2482,12582,9,0,0,26
999,3,"enp0s10",1658398438.818226,"int",215,"10.0.0.11","10.0.1.11",2056,12582,9,0,0,30
999,3,"enp0s10",1658398438.918423,"int",216,"10.0.0.12","10.0.1.12",1653,13980,10,0,0,44
999,3,"enp0s10",1658398438.918423,"int",216,"10.0.0.11","10.0.1.11",811,691,4,0,0,1
999,3,"enp0s10",1658398439.018790,"int",217,"10.0.0.12","10.0.1.12",2158,13980,10,0,0,40
999,3,"enp0s10",1658398439.018790,"int",217,"10.0.0.11","10.0.1.11",594,611,5,0,0,3
999,3,"enp0s10",1658398439.119057,"int",218,"10.0.0.12","10.0.1.12",1768,12582,9,0,0,32
999,3,"enp0s10",1658398439.219060,"int",219,"10.0.0.12","10.0.1.12",608,371,3,0,0,0
999,3,"enp0s10",1658398439.319245,"int",220,"10.0.0.12","10.0.1.12",617,931,6,0,0,3
200,3,"enp0s10",1658398442.305136,3893,0,3893,0,5358890,0
200,3,"enp0s10",1658398447.305249,3893,0,3893,0,5358890,0
1,3,"enp0s8",1658398417.013285,"1.5.5 (417daa7 - Jul 15 2022 20:33:42)","1.7.3 (92ce3808)"
999,3,"enp0s8",1658398418.364056,"tot",10,"10.0.0.1","10.0.0.11",758,10
999,3,"enp0s8",1658398418.364056,"tot",10,"10.0.0.11","10.0.0.1",1442,6
999,3,"enp0s8",1658398418.464306,"tot",11,"10.0.0.1","10.0.0.11",6400,16
999,3,"enp0s8",1658398418.464306,"tot",11,"10.0.0.11","10.0.0.1",1972,16
999,3,"enp0s8",1658398418.669176,"tot",13,"10.0.0.1","10.0.0.11",932,6
999,3,"enp0s8",1658398418.669176,"tot",13,"10.0.0.11","10.0.0.1",1320,4
999,3,"enp0s8",1658398418.769588,"tot",14,"10.0.1.11","10.0.0.11",273,4
999,3,"enp0s8",1658398418.769588,"tot",14,"10.0.0.11","10.0.1.11",379,5
999,3,"enp0s8",1658398418.769588,"tot",14,"10.0.0.12","10.0.0.1",2160,11
999,3,"enp0s8",1658398418.769588,"tot",14,"10.0.0.1","10.0.0.11",852,10
999,3,"enp0s8",1658398418.769588,"tot",14,"10.0.0.1","10.0.0.12",4002,16
999,3,"enp0s8",1658398418.769588,"tot",14,"10.0.0.11","10.0.0.1",872,10
999,3,"enp0s8",1658398418.869837,"tot",15,"10.0.1.11","10.0.0.11",247,4
999,3,"enp0s8",1658398418.869837,"tot",15,"10.0.0.11","10.0.1.11",1672,5
999,3,"enp0s8",1658398418.869837,"tot",15,"10.0.0.12","10.0.0.1",1452,14
999,3,"enp0s8",1658398418.869837,"tot",15,"10.0.0.1","10.0.0.12",3156,10
999,3,"enp0s8",1658398418.972334,"tot",16,"10.0.0.11","10.0.1.11",12078,9
999,3,"enp0s8",1658398419.072361,"tot",17,"10.0.1.12","10.0.0.12",74,1
999,3,"enp0s8",1658398419.072361,"tot",17,"10.0.0.12","10.0.1.12",140,2
999,3,"enp0s8",1658398419.072361,"tot",17,"10.0.0.11","10.0.1.11",13420,10
999,3,"enp0s8",1658398419.072361,"tot",17,"10.0.0.12","10.0.0.1",1940,10
999,3,"enp0s8",1658398419.072361,"tot",17,"10.0.0.1","10.0.0.12",1652,14
999,3,"enp0s8",1658398419.173316,"tot",18,"10.0.1.12","10.0.0.12",378,6
999,3,"enp0s8",1658398419.173316,"tot",18,"10.0.0.12","10.0.1.12",437,5
999,3,"enp0s8",1658398419.173316,"tot",18,"10.0.0.11","10.0.1.11",12078,9
999,3,"enp0s8",1658398419.173316,"tot",18,"10.0.0.12","10.0.0.1",120,2
999,3,"enp0s8",1658398419.173316,"tot",18,"10.0.0.1","10.0.0.12",132,2
999,3,"enp0s8",1658398419.273723,"tot",19,"10.0.1.12","10.0.0.12",68,1
999,3,"enp0s8",1658398419.273723,"tot",19,"10.0.0.12","10.0.1.12",1474,3
999,3,"enp0s8",1658398419.273723,"tot",19,"10.0.0.11","10.0.1.11",13420,10
999,3,"enp0s8",1658398419.273723,"tot",19,"10.0.0.11","8.8.8.8",148,2
999,3,"enp0s8",1658398419.373863,"tot",20,"10.0.0.12","10.0.1.12",12078,9
999,3,"enp0s8",1658398419.373863,"tot",20,"10.0.0.11","10.0.1.11",13420,10
999,3,"enp0s8",1658398419.373863,"tot",20,"10.0.0.12","8.8.8.8",148,2
999,3,"enp0s8",1658398419.473936,"tot",21,"10.0.0.12","10.0.1.12",13420,10
999,3,"enp0s8",1658398419.473936,"tot",21,"10.0.0.11","10.0.1.11",12078,9
999,3,"enp0s8",1658398419.576221,"tot",22,"10.0.0.12","10.0.1.12",12078,9
999,3,"enp0s8",1658398419.576221,"tot",22,"10.0.0.11","10.0.1.11",13420,10
999,3,"enp0s8",1658398419.676613,"tot",23,"10.0.0.12","10.0.1.12",13420,10
999,3,"enp0s8",1658398419.676613,"tot",23,"10.0.0.11","10.0.1.11",13420,10
999,3,"enp0s8",1658398419.777110,"tot",24,"10.0.0.12","10.0.1.12",13420,10
999,3,"enp0s8",1658398419.777110,"tot",24,"10.0.0.11","10.0.1.11",12078,9
999,3,"enp0s8",1658398419.877180,"tot",25,"10.0.0.12","10.0.1.12",12078,9
999,3,"enp0s8",1658398419.877180,"tot",25,"10.0.0.11","10.0.1.11",13420,10
999,3,"enp0s8",1658398419.977405,"tot",26,"10.0.0.12","10.0.1.12",13420,10
999,3,"enp0s8",1658398419.977405,"tot",26,"10.0.0.11","10.0.1.11",13420,10
999,3,"enp0s8",1658398420.077475,"tot",27,"10.0.0.12","10.0.1.12",13420,10
999,3,"enp0s8",1658398420.077475,"tot",27,"10.0.0.11","10.0.1.11",12078,9
999,3,"enp0s8",1658398420.177880,"tot",28,"10.0.0.12","10.0.1.12",12078,9
999,3,"enp0s8",1658398420.177880,"tot",28,"10.0.0.11","10.0.1.11",13420,10
999,3,"enp0s8",1658398420.277892,"tot",29,"10.0.0.12","10.0.1.12",13420,10
999,3,"enp0s8",1658398420.277892,"tot",29,"10.0.0.11","10.0.1.11",12078,9
999,3,"enp0s8",1658398420.378215,"tot",30,"10.0.0.12","10.0.1.12",12078,9
999,3,"enp0s8",1658398420.378215,"tot",30,"10.0.0.11","10.0.1.11",13420,10
999,3,"enp0s8",1658398420.478322,"tot",31,"10.0.0.12","10.0.1.12",13420,10
999,3,"enp0s8",1658398420.478322,"tot",31,"10.0.0.11","10.0.1.11",13420,10
999,3,"enp0s8",1658398420.578506,"tot",32,"10.0.0.12","10.0.1.12",13420,10
999,3,"enp0s8",1658398420.578506,"tot",32,"10.0.0.11","10.0.1.11",12078,9
999,3,"enp0s8",1658398420.678799,"tot",33,"10.0.0.12","10.0.1.12",12078,9
999,3,"enp0s8",1658398420.678799,"tot",33,"10.0.0.11","10.0.1.11",13420,10
999,3,"enp0s8",1658398420.778821,"tot",34,"10.0.0.12","10.0.1.12",13420,10
999,3,"enp0s8",1658398420.778821,"tot",34,"10.0.0.11","10.0.1.11",12078,9
999,3,"enp0s8",1658398420.879181,"tot",35,"10.0.0.12","10.0.1.12",13420,10
999,3,"enp0s8",1658398420.879181,"tot",35,"10.0.0.11","10.0.1.11",13420,10
999,3,"enp0s8",1658398420.979200,"tot",36,"10.0.0.12","10.0.1.12",12078,9
999,3,"enp0s8",1658398420.979200,"tot",36,"10.0.0.11","10.0.1.11",13420,10
999,3,"enp0s8",1658398421.079224,"tot",37,"10.0.0.12","10.0.1.12",13420,10
999,3,"enp0s8",1658398421.079224,"tot",37,"10.0.0.11","10.0.1.11",12078,9
999,3,"enp0s8",1658398421.179444,"tot",38,"10.0.0.12","10.0.1.12",12078,9
999,3,"enp0s8",1658398421.179444,"tot",38,"10.0.0.11","10.0.1.11",13420,10
999,3,"enp0s8",1658398421.279478,"tot",39,"10.0.0.12","10.0.1.12",13420,10
999,3,"enp0s8",1658398421.279478,"tot",39,"10.0.0.11","10.0.1.11",12078,9
999,3,"enp0s8",1658398421.379522,"tot",40,"10.0.0.12","10.0.1.12",13420,10
999,3,"enp0s8",1658398421.379522,"tot",40,"10.0.0.11","10.0.1.11",13420,10
999,3,"enp0s8",1658398421.479665,"tot",41,"10.0.0.12","10.0.1.12",12078,9
999,3,"enp0s8",1658398421.479665,"tot",41,"10.0.0.11","10.0.1.11",13420,10
999,3,"enp0s8",1658398421.579846,"tot",42,"10.0.0.12","10.0.1.12",13420,10
999,3,"enp0s8",1658398421.579846,"tot",42,"10.0.0.11","10.0.1.11",12078,9
999,3,"enp0s8",1658398421.679974,"tot",43,"10.0.0.12","10.0.1.12",13420,10
999,3,"enp0s8",1658398421.679974,"tot",43,"10.0.0.11","10.0.1.11",13420,10
999,3,"enp0s8",1658398421.780048,"tot",44,"10.0.0.12","10.0.1.12",12078,9
999,3,"enp0s8",1658398421.780048,"tot",44,"10.0.0.11","10.0.1.11",12078,9
999,3,"enp0s8",1658398421.880305,"tot",45,"10.0.0.12","10.0.1.12",13420,10
999,3,"enp0s8",1658398421.880305,"tot",45,"10.0.0.11","10.0.1.11",13420,10
999,3,"enp0s8",1658398421.980455,"tot",46,"10.0.0.12","10.0.1.12",12078,9
999,3,"enp0s8",1658398421.980455,"tot",46,"10.0.0.11","10.0.1.11",13420,10
999,3,"enp0s8",1658398422.080493,"tot",47,"10.0.0.12","10.0.1.12",13420,10
999,3,"enp0s8",1658398422.080493,"tot",47,"10.0.0.11","10.0.1.11",12078,9
999,3,"enp0s8",1658398422.180785,"tot",48,"10.0.0.12","10.0.1.12",12078,9
999,3,"enp0s8",1658398422.180785,"tot",48,"10.0.0.11","10.0.1.11",13420,10
999,3,"enp0s8",1658398422.281053,"tot",49,"10.0.0.12","10.0.1.12",13420,10
999,3,"enp0s8",1658398422.281053,"tot",49,"10.0.0.11","10.0.1.11",13420,10
999,3,"enp0s8",1658398422.381126,"tot",50,"10.0.0.12","10.0.1.12",13420,10
999,3,"enp0s8",1658398422.381126,"tot",50,"10.0.0.11","10.0.1.11",12078,9
200,3,"enp0s8",1658398422.383784,831,0,831,0,885428,0
999,3,"enp0s8",1658398422.481178,"tot",51,"10.0.0.12","10.0.1.12",12078,9
999,3,"enp0s8",1658398422.481178,"tot",51,"10.0.0.11","10.0.1.11",13420,10
999,3,"enp0s8",1658398422.581342,"tot",52,"10.0.0.12","10.0.1.12",13420,10
999,3,"enp0s8",1658398422.581342,"tot",52,"10.0.0.11","10.0.1.11",12078,9
999,3,"enp0s8",1658398422.681439,"tot",53,"10.0.0.12","10.0.1.12",12078,9
999,3,"enp0s8",1658398422.681439,"tot",53,"10.0.0.11","10.0.1.11",13420,10
999,3,"enp0s8",1658398422.781764,"tot",54,"10.0.0.12","10.0.1.12",13420,10
999,3,"enp0s8",1658398422.781764,"tot",54,"10.0.0.11","10.0.1.11",13420,10
999,3,"enp0s8",1658398422.882063,"tot",55,"10.0.0.12","10.0.1.12",13420,10
999,3,"enp0s8",1658398422.882063,"tot",55,"10.0.0.11","10.0.1.11",12078,9
999,3,"enp0s8",1658398422.982094,"tot",56,"10.0.0.12","10.0.1.12",13420,10
999,3,"enp0s8",1658398422.982094,"tot",56,"10.0.0.11","10.0.1.11",13420,10
999,3,"enp0s8",1658398423.082273,"tot",57,"10.0.0.12","10.0.1.12",12078,9
999,3,"enp0s8",1658398423.082273,"tot",57,"10.0.0.11","10.0.1.11",13420,10
999,3,"enp0s8",1658398423.182577,"tot",58,"10.0.0.12","10.0.1.12",13420,10
999,3,"enp0s8",1658398423.182577,"tot",58,"10.0.0.11","10.0.1.11",12078,9
999,3,"enp0s8",1658398423.282840,"tot",59,"10.0.0.12","10.0.1.12",12078,9
999,3,"enp0s8",1658398423.282840,"tot",59,"10.0.0.11","10.0.1.11",13420,10
999,3,"enp0s8",1658398423.382910,"tot",60,"10.0.0.12","10.0.1.12",13420,10
999,3,"enp0s8",1658398423.382910,"tot",60,"10.0.0.11","10.0.1.11",12078,9
999,3,"enp0s8",1658398423.482923,"tot",61,"10.0.0.12","10.0.1.12",13420,10
999,3,"enp0s8",1658398423.482923,"tot",61,"10.0.0.11","10.0.1.11",13420,10
999,3,"enp0s8",1658398423.583047,"tot",62,"10.0.0.12","10.0.1.12",12078,9
999,3,"enp0s8",1658398423.583047,"tot",62,"10.0.0.11","10.0.1.11",12078,9
999,3,"enp0s8",1658398423.683660,"tot",63,"10.0.0.12","10.0.1.12",13420,10
999,3,"enp0s8",1658398423.683660,"tot",63,"10.0.0.11","10.0.1.11",13420,10
999,3,"enp0s8",1658398423.783938,"tot",64,"10.0.0.12","10.0.1.12",12078,9
999,3,"enp0s8",1658398423.783938,"tot",64,"10.0.0.11","10.0.1.11",13420,10
999,3,"enp0s8",1658398423.884012,"tot",65,"10.0.0.12","10.0.1.12",13420,10
999,3,"enp0s8",1658398423.884012,"tot",65,"10.0.0.11","10.0.1.11",12078,9
999,3,"enp0s8",1658398423.984318,"tot",66,"10.0.0.12","10.0.1.12",13420,10
999,3,"enp0s8",1658398423.984318,"tot",66,"10.0.0.11","10.0.1.11",13420,10
999,3,"enp0s8",1658398424.084351,"tot",67,"10.0.0.12","10.0.1.12",12078,9
999,3,"enp0s8",1658398424.084351,"tot",67,"10.0.0.11","10.0.1.11",13420,10
999,3,"enp0s8",1658398424.184984,"tot",68,"10.0.0.12","10.0.1.12",13420,10
999,3,"enp0s8",1658398424.184984,"tot",68,"10.0.0.11","10.0.1.11",12078,9
999,3,"enp0s8",1658398424.285368,"tot",69,"10.0.0.12","10.0.1.12",13420,10
999,3,"enp0s8",1658398424.285368,"tot",69,"10.0.0.11","10.0.1.11",13420,10
999,3,"enp0s8",1658398424.285368,"tot",69,"10.0.0.11","8.8.8.8",148,2
999,3,"enp0s8",1658398424.385657,"tot",70,"10.0.0.12","10.0.1.12",12078,9
999,3,"enp0s8",1658398424.385657,"tot",70,"10.0.0.11","10.0.1.11",12078,9
999,3,"enp0s8",1658398424.385657,"tot",70,"10.0.0.12","8.8.8.8",148,2
999,3,"enp0s8",1658398424.486301,"tot",71,"10.0.0.12","10.0.1.12",13420,10
999,3,"enp0s8",1658398424.486301,"tot",71,"10.0.0.11","10.0.1.11",13420,10
999,3,"enp0s8",1658398424.586763,"tot",72,"10.0.0.12","10.0.1.12",12078,9
999,3,"enp0s8",1658398424.586763,"tot",72,"10.0.0.11","10.0.1.11",13420,10
999,3,"enp0s8",1658398424.687214,"tot",73,"10.0.0.12","10.0.1.12",13420,10
999,3,"enp0s8",1658398424.687214,"tot",73,"10.0.0.11","10.0.1.11",12078,9
999,3,"enp0s8",1658398424.787417,"tot",74,"10.0.0.12","10.0.1.12",13420,10
999,3,"enp0s8",1658398424.787417,"tot",74,"10.0.0.11","10.0.1.11",13420,10
999,3,"enp0s8",1658398424.887564,"tot",75,"10.0.0.12","10.0.1.12",12078,9
999,3,"enp0s8",1658398424.887564,"tot",75,"10.0.0.11","10.0.1.11",13420,10
999,3,"enp0s8",1658398424.987811,"tot",76,"10.0.0.12","10.0.1.12",13420,10
999,3,"enp0s8",1658398424.987811,"tot",76,"10.0.0.11","10.0.1.11",12078,9
999,3,"enp0s8",1658398425.088080,"tot",77,"10.0.0.12","10.0.1.12",12078,9
999,3,"enp0s8",1658398425.088080,"tot",77,"10.0.0.11","10.0.1.11",13420,10
999,3,"enp0s8",1658398425.188331,"tot",78,"10.0.0.12","10.0.1.12",13420,10
999,3,"enp0s8",1658398425.188331,"tot",78,"10.0.0.11","10.0.1.11",12078,9
999,3,"enp0s8",1658398425.288636,"tot",79,"10.0.0.12","10.0.1.12",13420,10
999,3,"enp0s8",1658398425.288636,"tot",79,"10.0.0.11","10.0.1.11",13420,10
999,3,"enp0s8",1658398425.388779,"tot",80,"10.0.0.12","10.0.1.12",12078,9
999,3,"enp0s8",1658398425.388779,"tot",80,"10.0.0.11","10.0.1.11",13420,10
999,3,"enp0s8",1658398425.489265,"tot",81,"10.0.0.12","10.0.1.12",13420,10
999,3,"enp0s8",1658398425.489265,"tot",81,"10.0.0.11","10.0.1.11",12078,9
999,3,"enp0s8",1658398425.589272,"tot",82,"10.0.0.12","10.0.1.12",12078,9
999,3,"enp0s8",1658398425.589272,"tot",82,"10.0.0.11","10.0.1.11",13420,10
999,3,"enp0s8",1658398425.690090,"tot",83,"10.0.0.12","10.0.1.12",13420,10
999,3,"enp0s8",1658398425.690090,"tot",83,"10.0.0.11","10.0.1.11",12078,9
999,3,"enp0s8",1658398425.790263,"tot",84,"10.0.0.12","10.0.1.12",13420,10
999,3,"enp0s8",1658398425.790263,"tot",84,"10.0.0.11","10.0.1.11",13420,10
999,3,"enp0s8",1658398425.890567,"tot",85,"10.0.0.12","10.0.1.12",12078,9
999,3,"enp0s8",1658398425.890567,"tot",85,"10.0.0.11","10.0.1.11",13420,10
999,3,"enp0s8",1658398425.991015,"tot",86,"10.0.0.12","10.0.1.12",13420,10
999,3,"enp0s8",1658398425.991015,"tot",86,"10.0.0.11","10.0.1.11",12078,9
999,3,"enp0s8",1658398426.091298,"tot",87,"10.0.0.12","10.0.1.12",12078,9
999,3,"enp0s8",1658398426.091298,"tot",87,"10.0.0.11","10.0.1.11",13420,10
999,3,"enp0s8",1658398426.192259,"tot",88,"10.0.0.12","10.0.1.12",13420,10
999,3,"enp0s8",1658398426.192259,"tot",88,"10.0.0.11","10.0.1.11",13420,10
999,3,"enp0s8",1658398426.292316,"tot",89,"10.0.0.12","10.0.1.12",13420,10
999,3,"enp0s8",1658398426.292316,"tot",89,"10.0.0.11","10.0.1.11",12078,9
999,3,"enp0s8",1658398426.392812,"tot",90,"10.0.0.12","10.0.1.12",12078,9
999,3,"enp0s8",1658398426.392812,"tot",90,"10.0.0.11","10.0.1.11",13420,10
999,3,"enp0s8",1658398426.493048,"tot",91,"10.0.0.12","10.0.1.12",13420,10
999,3,"enp0s8",1658398426.493048,"tot",91,"10.0.0.11","10.0.1.11",12078,9
999,3,"enp0s8",1658398426.593093,"tot",92,"10.0.0.12","10.0.1.12",13420,10
999,3,"enp0s8",1658398426.593093,"tot",92,"10.0.0.11","10.0.1.11",13420,10
999,3,"enp0s8",1658398426.693283,"tot",93,"10.0.0.12","10.0.1.12",12078,9
999,3,"enp0s8",1658398426.693283,"tot",93,"10.0.0.11","10.0.1.11",13420,10
999,3,"enp0s8",1658398426.793380,"tot",94,"10.0.0.12","10.0.1.12",13420,10
999,3,"enp0s8",1658398426.793380,"tot",94,"10.0.0.11","10.0.1.11",12078,9
999,3,"enp0s8",1658398426.893489,"tot",95,"10.0.0.12","10.0.1.12",12078,9
999,3,"enp0s8",1658398426.893489,"tot",95,"10.0.0.11","10.0.1.11",13420,10
999,3,"enp0s8",1658398426.993727,"tot",96,"10.0.0.12","10.0.1.12",13420,10
999,3,"enp0s8",1658398426.993727,"tot",96,"10.0.0.11","10.0.1.11",13420,10
999,3,"enp0s8",1658398427.093753,"tot",97,"10.0.0.12","10.0.1.12",13420,10
999,3,"enp0s8",1658398427.093753,"tot",97,"10.0.0.11","10.0.1.11",12078,9
999,3,"enp0s8",1658398427.193790,"tot",98,"10.0.0.12","10.0.1.12",12078,9
999,3,"enp0s8",1658398427.193790,"tot",98,"10.0.0.11","10.0.1.11",13420,10
999,3,"enp0s8",1658398427.293877,"tot",99,"10.0.0.12","10.0.1.12",13420,10
999,3,"enp0s8",1658398427.293877,"tot",99,"10.0.0.11","10.0.1.11",12078,9
200,3,"enp0s8",1658398427.384407,1797,0,1797,0,2176728,0
999,3,"enp0s8",1658398427.394133,"tot",100,"10.0.0.12","10.0.1.12",13420,10
999,3,"enp0s8",1658398427.394133,"tot",100,"10.0.0.11","10.0.1.11",13420,10
999,3,"enp0s8",1658398427.494142,"tot",101,"10.0.0.12","10.0.1.12",12078,9
999,3,"enp0s8",1658398427.494142,"tot",101,"10.0.0.11","10.0.1.11",13420,10
999,3,"enp0s8",1658398427.594333,"tot",102,"10.0.0.12","10.0.1.12",13420,10
999,3,"enp0s8",1658398427.594333,"tot",102,"10.0.0.11","10.0.1.11",12078,9
999,3,"enp0s8",1658398427.694466,"tot",103,"10.0.0.12","10.0.1.12",12078,9
999,3,"enp0s8",1658398427.694466,"tot",103,"10.0.0.11","10.0.1.11",13420,10
999,3,"enp0s8",1658398427.794632,"tot",104,"10.0.0.12","10.0.1.12",13420,10
999,3,"enp0s8",1658398427.794632,"tot",104,"10.0.0.11","10.0.1.11",12078,9
999,3,"enp0s8",1658398427.894906,"tot",105,"10.0.0.12","10.0.1.12",12078,9
999,3,"enp0s8",1658398427.894906,"tot",105,"10.0.0.11","10.0.1.11",13420,10
999,3,"enp0s8",1658398427.995158,"tot",106,"10.0.0.12","10.0.1.12",13420,10
999,3,"enp0s8",1658398427.995158,"tot",106,"10.0.0.11","10.0.1.11",13420,10
999,3,"enp0s8",1658398428.095318,"tot",107,"10.0.0.12","10.0.1.12",13420,10
999,3,"enp0s8",1658398428.095318,"tot",107,"10.0.0.11","10.0.1.11",12078,9
999,3,"enp0s8",1658398428.195577,"tot",108,"10.0.0.12","10.0.1.12",12078,9
999,3,"enp0s8",1658398428.195577,"tot",108,"10.0.0.11","10.0.1.11",13420,10
999,3,"enp0s8",1658398428.296365,"tot",109,"10.0.0.12","10.0.1.12",13420,10
999,3,"enp0s8",1658398428.296365,"tot",109,"10.0.0.11","10.0.1.11",12078,9
999,3,"enp0s8",1658398428.396498,"tot",110,"10.0.0.12","10.0.1.12",13420,10
999,3,"enp0s8",1658398428.396498,"tot",110,"10.0.0.11","10.0.1.11",13420,10
999,3,"enp0s8",1658398428.496555,"tot",111,"10.0.0.12","10.0.1.12",12078,9
999,3,"enp0s8",1658398428.496555,"tot",111,"10.0.0.11","10.0.1.11",13420,10
999,3,"enp0s8",1658398428.597011,"tot",112,"10.0.0.12","10.0.1.12",13420,10
999,3,"enp0s8",1658398428.597011,"tot",112,"10.0.0.11","10.0.1.11",12078,9
999,3,"enp0s8",1658398428.697277,"tot",113,"10.0.0.12","10.0.1.12",12078,9
999,3,"enp0s8",1658398428.697277,"tot",113,"10.0.0.11","10.0.1.11",13420,10
999,3,"enp0s8",1658398428.797534,"tot",114,"10.0.0.12","10.0.1.12",13420,10
999,3,"enp0s8",1658398428.797534,"tot",114,"10.0.0.11","10.0.1.11",12078,9
999,3,"enp0s8",1658398428.897650,"tot",115,"10.0.0.12","10.0.1.12",13420,10
999,3,"enp0s8",1658398428.897650,"tot",115,"10.0.0.11","10.0.1.11",13420,10
999,3,"enp0s8",1658398428.997946,"tot",116,"10.0.0.12","10.0.1.12",12078,9
999,3,"enp0s8",1658398428.997946,"tot",116,"10.0.0.11","10.0.1.11",13420,10
999,3,"enp0s8",1658398429.098545,"tot",117,"10.0.0.12","10.0.1.12",13420,10
999,3,"enp0s8",1658398429.098545,"tot",117,"10.0.0.11","10.0.1.11",12078,9
999,3,"enp0s8",1658398429.198707,"tot",118,"10.0.0.12","10.0.1.12",12078,9
999,3,"enp0s8",1658398429.198707,"tot",118,"10.0.0.11","10.0.1.11",13420,10
999,3,"enp0s8",1658398429.298961,"tot",119,"10.0.0.12","10.0.1.12",13420,10
999,3,"enp0s8",1658398429.298961,"tot",119,"10.0.0.11","10.0.1.11",13420,10
999,3,"enp0s8",1658398429.298961,"tot",119,"10.0.0.12","8.8.8.8",148,2
999,3,"enp0s8",1658398429.298961,"tot",119,"10.0.0.11","8.8.8.8",148,2
999,3,"enp0s8",1658398429.399310,"tot",120,"10.0.0.12","10.0.1.12",13420,10
999,3,"enp0s8",1658398429.399310,"tot",120,"10.0.0.11","10.0.1.11",12078,9
999,3,"enp0s8",1658398429.500295,"tot",121,"10.0.0.12","10.0.1.12",14762,11
999,3,"enp0s8",1658398429.500295,"tot",121,"10.0.0.11","10.0.1.11",13420,10
999,3,"enp0s8",1658398429.600528,"tot",122,"10.0.0.12","10.0.1.12",10736,8
999,3,"enp0s8",1658398429.600528,"tot",122,"10.0.0.11","10.0.1.11",12078,9
999,3,"enp0s8",1658398429.700941,"tot",123,"10.0.0.12","10.0.1.12",13420,10
999,3,"enp0s8",1658398429.700941,"tot",123,"10.0.0.11","10.0.1.11",13420,10
999,3,"enp0s8",1658398429.801628,"tot",124,"10.0.0.12","10.0.1.12",25498,19
999,3,"enp0s8",1658398429.801628,"tot",124,"10.0.0.11","10.0.1.11",13420,10
999,3,"enp0s8",1658398429.901757,"tot",125,"10.0.0.11","10.0.1.11",12078,9
999,3,"enp0s8",1658398430.001848,"tot",126,"10.0.0.12","10.0.1.12",13420,10
999,3,"enp0s8",1658398430.001848,"tot",126,"10.0.0.11","10.0.1.11",13420,10
999,3,"enp0s8",1658398430.101875,"tot",127,"10.0.0.12","10.0.1.12",25498,19
999,3,"enp0s8",1658398430.101875,"tot",127,"10.0.0.11","10.0.1.11",13420,10
999,3,"enp0s8",1658398430.202124,"tot",128,"10.0.0.11","10.0.1.11",12078,9
999,3,"enp0s8",1658398430.302146,"tot",129,"10.0.0.12","10.0.1.12",12078,9
999,3,"enp0s8",1658398430.302146,"tot",129,"10.0.0.11","10.0.1.11",13420,10
999,3,"enp0s8",1658398430.402605,"tot",130,"10.0.0.12","10.0.1.12",26840,20
999,3,"enp0s8",1658398430.402605,"tot",130,"10.0.0.11","10.0.1.11",13420,10
999,3,"enp0s8",1658398430.502721,"tot",131,"10.0.0.11","10.0.1.11",12078,9
999,3,"enp0s8",1658398430.602941,"tot",132,"10.0.0.12","10.0.1.12",12078,9
999,3,"enp0s8",1658398430.602941,"tot",132,"10.0.0.11","10.0.1.11",13420,10
999,3,"enp0s8",1658398430.702946,"tot",133,"10.0.0.12","10.0.1.12",13420,10
999,3,"enp0s8",1658398430.702946,"tot",133,"10.0.0.11","10.0.1.11",12078,9
999,3,"enp0s8",1658398430.803319,"tot",134,"10.0.0.12","10.0.1.12",25498,19
999,3,"enp0s8",1658398430.803319,"tot",134,"10.0.0.11","10.0.1.11",13420,10
999,3,"enp0s8",1658398430.903379,"tot",135,"10.0.0.11","10.0.1.11",13420,10
999,3,"enp0s8",1658398431.003567,"tot",136,"10.0.0.12","10.0.1.12",13420,10
999,3,"enp0s8",1658398431.003567,"tot",136,"10.0.0.11","10.0.1.11",12078,9
999,3,"enp0s8",1658398431.103935,"tot",137,"10.0.0.12","10.0.1.12",25498,19
999,3,"enp0s8",1658398431.103935,"tot",137,"10.0.0.11","10.0.1.11",13420,10
999,3,"enp0s8",1658398431.204268,"tot",138,"10.0.0.11","10.0.1.11",12078,9
999,3,"enp0s8",1658398431.304377,"tot",139,"10.0.0.12","10.0.1.12",13420,10
999,3,"enp0s8",1658398431.304377,"tot",139,"10.0.0.11","10.0.1.11",13420,10
999,3,"enp0s8",1658398431.404380,"tot",140,"10.0.0.12","10.0.1.12",25498,19
999,3,"enp0s8",1658398431.404380,"tot",140,"10.0.0.11","10.0.1.11",13420,10
999,3,"enp0s8",1658398431.504536,"tot",141,"10.0.0.11","10.0.1.11",12078,9
999,3,"enp0s8",1658398431.604667,"tot",142,"10.0.0.12","10.0.1.12",13420,10
999,3,"enp0s8",1658398431.604667,"tot",142,"10.0.0.11","10.0.1.11",13420,10
999,3,"enp0s8",1658398431.705032,"tot",143,"10.0.0.12","10.0.1.12",25498,19
999,3,"enp0s8",1658398431.705032,"tot",143,"10.0.0.11","10.0.1.11",12078,9
999,3,"enp0s8",1658398431.805328,"tot",144,"10.0.0.11","10.0.1.11",13420,10
999,3,"enp0s8",1658398431.905374,"tot",145,"10.0.0.12","10.0.1.12",25498,19
999,3,"enp0s8",1658398431.905374,"tot",145,"10.0.0.11","10.0.1.11",13420,10
999,3,"enp0s8",1658398432.005418,"tot",146,"10.0.0.12","10.0.1.12",12078,9
999,3,"enp0s8",1658398432.005418,"tot",146,"10.0.0.11","10.0.1.11",12078,9
999,3,"enp0s8",1658398432.105916,"tot",147,"10.0.0.11","10.0.1.11",13420,10
999,3,"enp0s8",1658398432.205925,"tot",148,"10.0.0.12","10.0.1.12",26840,20
999,3,"enp0s8",1658398432.205925,"tot",148,"10.0.0.11","10.0.1.11",13420,10
999,3,"enp0s8",1658398432.306096,"tot",149,"10.0.0.12","10.0.1.12",12078,9
999,3,"enp0s8",1658398432.306096,"tot",149,"10.0.0.11","10.0.1.11",12078,9
200,3,"enp0s8",1658398432.384522,2762,0,2762,0,3466686,0
999,3,"enp0s8",1658398432.406189,"tot",150,"10.0.0.11","10.0.1.11",13420,10
999,3,"enp0s8",1658398432.506431,"tot",151,"10.0.0.12","10.0.1.12",26840,20
999,3,"enp0s8",1658398432.506431,"tot",151,"10.0.0.11","10.0.1.11",12078,9
999,3,"enp0s8",1658398432.606544,"tot",152,"10.0.0.12","10.0.1.12",12078,9
999,3,"enp0s8",1658398432.606544,"tot",152,"10.0.0.11","10.0.1.11",13420,10
999,3,"enp0s8",1658398432.706644,"tot",153,"10.0.0.11","10.0.1.11",13420,10
999,3,"enp0s8",1658398432.806956,"tot",154,"10.0.0.12","10.0.1.12",25498,19
999,3,"enp0s8",1658398432.806956,"tot",154,"10.0.0.11","10.0.1.11",12078,9
999,3,"enp0s8",1658398432.907119,"tot",155,"10.0.0.12","10.0.1.12",13420,10
999,3,"enp0s8",1658398432.907119,"tot",155,"10.0.0.11","10.0.1.11",13420,10
999,3,"enp0s8",1658398433.007203,"tot",156,"10.0.0.11","10.0.1.11",12078,9
999,3,"enp0s8",1658398433.107396,"tot",157,"10.0.0.12","10.0.1.12",25498,19
999,3,"enp0s8",1658398433.107396,"tot",157,"10.0.0.11","10.0.1.11",13420,10
999,3,"enp0s8",1658398433.207756,"tot",158,"10.0.0.12","10.0.1.12",13420,10
999,3,"enp0s8",1658398433.207756,"tot",158,"10.0.0.11","10.0.1.11",13420,10
999,3,"enp0s8",1658398433.308245,"tot",159,"10.0.0.11","10.0.1.11",12078,9
999,3,"enp0s8",1658398433.408390,"tot",160,"10.0.0.12","10.0.1.12",25498,19
999,3,"enp0s8",1658398433.408390,"tot",160,"10.0.0.11","10.0.1.11",13420,10
999,3,"enp0s8",1658398433.508698,"tot",161,"10.0.0.12","10.0.1.12",13420,10
999,3,"enp0s8",1658398433.508698,"tot",161,"10.0.0.11","10.0.1.11",12078,9
999,3,"enp0s8",1658398433.609042,"tot",162,"10.0.0.12","10.0.1.12",12078,9
999,3,"enp0s8",1658398433.609042,"tot",162,"10.0.0.11","10.0.1.11",13420,10
999,3,"enp0s8",1658398433.709263,"tot",163,"10.0.0.12","10.0.1.12",13420,10
999,3,"enp0s8",1658398433.709263,"tot",163,"10.0.0.11","10.0.1.11",13420,10
999,3,"enp0s8",1658398433.809530,"tot",164,"10.0.0.12","10.0.1.12",12078,9
999,3,"enp0s8",1658398433.809530,"tot",164,"10.0.0.11","10.0.1.11",12078,9
999,3,"enp0s8",1658398433.910054,"tot",165,"10.0.0.11","10.0.1.11",13420,10
999,3,"enp0s8",1658398434.010234,"tot",166,"10.0.0.12","10.0.1.12",26840,20
999,3,"enp0s8",1658398434.010234,"tot",166,"10.0.0.11","10.0.1.11",13420,10
999,3,"enp0s8",1658398434.110707,"tot",167,"10.0.0.12","10.0.1.12",12078,9
999,3,"enp0s8",1658398434.110707,"tot",167,"10.0.0.11","10.0.1.11",12078,9
999,3,"enp0s8",1658398434.210974,"tot",168,"10.0.0.12","10.0.1.12",13420,10
999,3,"enp0s8",1658398434.210974,"tot",168,"10.0.0.11","10.0.1.11",13420,10
999,3,"enp0s8",1658398434.311032,"tot",169,"10.0.0.12","10.0.1.12",12078,9
999,3,"enp0s8",1658398434.311032,"tot",169,"10.0.0.11","10.0.1.11",12078,9
999,3,"enp0s8",1658398434.311032,"tot",169,"10.0.0.12","8.8.8.8",148,2
999,3,"enp0s8",1658398434.311032,"tot",169,"10.0.0.11","8.8.8.8",148,2
999,3,"enp0s8",1658398434.411075,"tot",170,"10.0.0.12","10.0.1.12",13420,10
999,3,"enp0s8",1658398434.411075,"tot",170,"10.0.0.11","10.0.1.11",13420,10
999,3,"enp0s8",1658398434.511533,"tot",171,"10.0.0.12","10.0.1.12",13420,10
999,3,"enp0s8",1658398434.511533,"tot",171,"10.0.0.11","10.0.1.11",13420,10
999,3,"enp0s8",1658398434.611635,"tot",172,"10.0.0.12","10.0.1.12",12078,9
999,3,"enp0s8",1658398434.611635,"tot",172,"10.0.0.11","10.0.1.11",12078,9
999,3,"enp0s8",1658398434.712073,"tot",173,"10.0.0.12","10.0.1.12",13420,10
999,3,"enp0s8",1658398434.712073,"tot",173,"10.0.0.11","10.0.1.11",13420,10
999,3,"enp0s8",1658398434.812287,"tot",174,"10.0.0.12","10.0.1.12",13420,10
999,3,"enp0s8",1658398434.812287,"tot",174,"10.0.0.11","10.0.1.11",12078,9
999,3,"enp0s8",1658398434.912457,"tot",175,"10.0.0.12","10.0.1.12",12078,9
999,3,"enp0s8",1658398434.912457,"tot",175,"10.0.0.11","10.0.1.11",13420,10
999,3,"enp0s8",1658398435.012570,"tot",176,"10.0.0.12","10.0.1.12",13420,10
999,3,"enp0s8",1658398435.012570,"tot",176,"10.0.0.11","10.0.1.11",13420,10
999,3,"enp0s8",1658398435.112787,"tot",177,"10.0.0.12","10.0.1.12",12078,9
999,3,"enp0s8",1658398435.112787,"tot",177,"10.0.0.11","10.0.1.11",12078,9
999,3,"enp0s8",1658398435.213084,"tot",178,"10.0.0.12","10.0.1.12",13420,10
999,3,"enp0s8",1658398435.213084,"tot",178,"10.0.0.11","10.0.1.11",13420,10
999,3,"enp0s8",1658398435.313140,"tot",179,"10.0.0.12","10.0.1.12",13420,10
999,3,"enp0s8",1658398435.313140,"tot",179,"10.0.0.11","10.0.1.11",13420,10
999,3,"enp0s8",1658398435.413262,"tot",180,"10.0.0.12","10.0.1.12",12078,9
999,3,"enp0s8",1658398435.413262,"tot",180,"10.0.0.11","10.0.1.11",12078,9
999,3,"enp0s8",1658398435.513625,"tot",181,"10.0.0.12","10.0.1.12",13420,10
999,3,"enp0s8",1658398435.513625,"tot",181,"10.0.0.11","10.0.1.11",13420,10
999,3,"enp0s8",1658398435.613783,"tot",182,"10.0.0.12","10.0.1.12",13420,10
999,3,"enp0s8",1658398435.613783,"tot",182,"10.0.0.11","10.0.1.11",12078,9
999,3,"enp0s8",1658398435.714096,"tot",183,"10.0.0.12","10.0.1.12",12078,9
999,3,"enp0s8",1658398435.714096,"tot",183,"10.0.0.11","10.0.1.11",13420,10
999,3,"enp0s8",1658398435.814451,"tot",184,"10.0.0.12","10.0.1.12",13420,10
999,3,"enp0s8",1658398435.814451,"tot",184,"10.0.0.11","10.0.1.11",13420,10
999,3,"enp0s8",1658398435.914702,"tot",185,"10.0.0.12","10.0.1.12",13420,10
999,3,"enp0s8",1658398435.914702,"tot",185,"10.0.0.11","10.0.1.11",12078,9
999,3,"enp0s8",1658398436.014778,"tot",186,"10.0.0.12","10.0.1.12",12078,9
999,3,"enp0s8",1658398436.014778,"tot",186,"10.0.0.11","10.0.1.11",13420,10
999,3,"enp0s8",1658398436.115387,"tot",187,"10.0.0.12","10.0.1.12",13420,10
999,3,"enp0s8",1658398436.115387,"tot",187,"10.0.0.11","10.0.1.11",13420,10
999,3,"enp0s8",1658398436.215573,"tot",188,"10.0.0.12","10.0.1.12",12078,9
999,3,"enp0s8",1658398436.215573,"tot",188,"10.0.0.11","10.0.1.11",12078,9
999,3,"enp0s8",1658398436.316475,"tot",189,"10.0.0.12","10.0.1.12",13420,10
999,3,"enp0s8",1658398436.316475,"tot",189,"10.0.0.11","10.0.1.11",13420,10
999,3,"enp0s8",1658398436.416655,"tot",190,"10.0.0.12","10.0.1.12",13420,10
999,3,"enp0s8",1658398436.416655,"tot",190,"10.0.0.11","10.0.1.11",12078,9
999,3,"enp0s8",1658398436.516834,"tot",191,"10.0.0.12","10.0.1.12",12078,9
999,3,"enp0s8",1658398436.516834,"tot",191,"10.0.0.11","10.0.1.11",13420,10
999,3,"enp0s8",1658398436.617455,"tot",192,"10.0.0.12","10.0.1.12",13420,10
999,3,"enp0s8",1658398436.617455,"tot",192,"10.0.0.11","10.0.1.11",13420,10
999,3,"enp0s8",1658398436.717852,"tot",193,"10.0.0.12","10.0.1.12",12078,9
999,3,"enp0s8",1658398436.717852,"tot",193,"10.0.0.11","10.0.1.11",12078,9
999,3,"enp0s8",1658398436.818254,"tot",194,"10.0.0.12","10.0.1.12",13420,10
999,3,"enp0s8",1658398436.818254,"tot",194,"10.0.0.11","10.0.1.11",13420,10
999,3,"enp0s8",1658398436.918868,"tot",195,"10.0.0.12","10.0.1.12",13420,10
999,3,"enp0s8",1658398436.918868,"tot",195,"10.0.0.11","10.0.1.11",13420,10
999,3,"enp0s8",1658398437.019042,"tot",196,"10.0.0.12","10.0.1.12",12078,9
999,3,"enp0s8",1658398437.019042,"tot",196,"10.0.0.11","10.0.1.11",12078,9
999,3,"enp0s8",1658398437.119516,"tot",197,"10.0.0.12","10.0.1.12",13420,10
999,3,"enp0s8",1658398437.119516,"tot",197,"10.0.0.11","10.0.1.11",13420,10
999,3,"enp0s8",1658398437.220096,"tot",198,"10.0.0.12","10.0.1.12",13420,10
999,3,"enp0s8",1658398437.220096,"tot",198,"10.0.0.11","10.0.1.11",12078,9
999,3,"enp0s8",1658398437.320405,"tot",199,"10.0.0.12","10.0.1.12",12078,9
999,3,"enp0s8",1658398437.320405,"tot",199,"10.0.0.11","10.0.1.11",13420,10
200,3,"enp0s8",1658398437.384623,3728,0,3728,0,4757986,0
999,3,"enp0s8",1658398437.420602,"tot",200,"10.0.0.12","10.0.1.12",13420,10
999,3,"enp0s8",1658398437.420602,"tot",200,"10.0.0.11","10.0.1.11",13420,10
999,3,"enp0s8",1658398437.520612,"tot",201,"10.0.0.12","10.0.1.12",12078,9
999,3,"enp0s8",1658398437.520612,"tot",201,"10.0.0.11","10.0.1.11",12078,9
999,3,"enp0s8",1658398437.620940,"tot",202,"10.0.0.12","10.0.1.12",13420,10
999,3,"enp0s8",1658398437.620940,"tot",202,"10.0.0.11","10.0.1.11",13420,10
999,3,"enp0s8",1658398437.721030,"tot",203,"10.0.0.12","10.0.1.12",13420,10
999,3,"enp0s8",1658398437.721030,"tot",203,"10.0.0.11","10.0.1.11",12078,9
999,3,"enp0s8",1658398437.821082,"tot",204,"10.0.0.12","10.0.1.12",12078,9
999,3,"enp0s8",1658398437.821082,"tot",204,"10.0.0.11","10.0.1.11",13420,10
999,3,"enp0s8",1658398437.921141,"tot",205,"10.0.0.12","10.0.1.12",13420,10
999,3,"enp0s8",1658398437.921141,"tot",205,"10.0.0.11","10.0.1.11",13420,10
999,3,"enp0s8",1658398438.021167,"tot",206,"10.0.0.12","10.0.1.12",12078,9
999,3,"enp0s8",1658398438.021167,"tot",206,"10.0.0.11","10.0.1.11",12078,9
999,3,"enp0s8",1658398438.121279,"tot",207,"10.0.0.12","10.0.1.12",13420,10
999,3,"enp0s8",1658398438.121279,"tot",207,"10.0.0.11","10.0.1.11",13420,10
999,3,"enp0s8",1658398438.221399,"tot",208,"10.0.0.12","10.0.1.12",13420,10
999,3,"enp0s8",1658398438.221399,"tot",208,"10.0.0.11","10.0.1.11",12078,9
999,3,"enp0s8",1658398438.321513,"tot",209,"10.0.0.12","10.0.1.12",12078,9
999,3,"enp0s8",1658398438.321513,"tot",209,"10.0.0.11","10.0.1.11",13420,10
999,3,"enp0s8",1658398438.422161,"tot",210,"10.0.0.12","10.0.1.12",13420,10
999,3,"enp0s8",1658398438.422161,"tot",210,"10.0.0.11","10.0.1.11",13420,10
999,3,"enp0s8",1658398438.522473,"tot",211,"10.0.0.12","10.0.1.12",12078,9
999,3,"enp0s8",1658398438.522473,"tot",211,"10.0.0.11","10.0.1.11",12078,9
999,3,"enp0s8",1658398438.622717,"tot",212,"10.0.0.12","10.0.1.12",13420,10
999,3,"enp0s8",1658398438.622717,"tot",212,"10.0.0.11","10.0.1.11",13420,10
999,3,"enp0s8",1658398438.722795,"tot",213,"10.0.0.12","10.0.1.12",13420,10
999,3,"enp0s8",1658398438.722795,"tot",213,"10.0.0.11","10.0.1.11",13420,10
999,3,"enp0s8",1658398438.823163,"tot",214,"10.0.0.12","10.0.1.12",12078,9
999,3,"enp0s8",1658398438.823163,"tot",214,"10.0.0.11","10.0.1.11",12078,9
999,3,"enp0s8",1658398438.923627,"tot",215,"10.0.0.12","10.0.1.12",13420,10
999,3,"enp0s8",1658398438.923627,"tot",215,"10.0.1.11","10.0.0.11",269,4
999,3,"enp0s8",1658398438.923627,"tot",215,"10.0.0.11","10.0.1.11",467,4
999,3,"enp0s8",1658398439.024101,"tot",216,"10.0.0.12","10.0.1.12",13420,10
999,3,"enp0s8",1658398439.024101,"tot",216,"10.0.1.11","10.0.0.11",336,2
999,3,"enp0s8",1658398439.024101,"tot",216,"10.0.0.11","10.0.1.11",331,5
999,3,"enp0s8",1658398439.124604,"tot",217,"10.0.0.12","10.0.1.12",12078,9
999,3,"enp0s8",1658398439.224863,"tot",218,"10.0.1.12","10.0.0.12",67,1
999,3,"enp0s8",1658398439.224863,"tot",218,"10.0.0.12","10.0.1.12",203,3
999,3,"enp0s8",1658398439.325113,"tot",219,"10.0.1.12","10.0.0.12",604,6
999,3,"enp0s8",1658398439.325113,"tot",219,"10.0.0.12","10.0.1.12",595,6
999,3,"enp0s8",1658398439.325113,"tot",219,"10.0.0.12","8.8.8.8",148,2
999,3,"enp0s8",1658398439.325113,"tot",219,"10.0.0.11","8.8.8.8",148,2
200,3,"enp0s8",1658398442.385011,4070,0,4070,0,5173148,0
999,3,"enp0s8",1658398444.338095,"tot",269,"10.0.0.12","8.8.8.8",148,2
999,3,"enp0s8",1658398444.338095,"tot",269,"10.0.0.11","8.8.8.8",148,2
200,3,"enp0s8",1658398447.385131,4074,0,4074,0,5173444,0
